sin_cambio,urbanizacion,ganancia_veg,mean,count,sum,perdida_veg,5,4,zona,urbanizacion_pct,perdida_veg_pct,ganancia_veg_pct,urbanizacion_ha,perdida_veg_ha,ganancia_veg_ha
44,3.0,3.0,0.24,50,12.0,,,,13106101004010,6.0,,6.0,0.03,,0.03
71,2.0,2.0,0.13157894736842105,76,10.0,1.0,,,13106101004014,2.6315789473684212,1.3157894736842106,2.6315789473684212,0.02,0.01,0.02
440,83.0,19.0,0.38078902229845624,583,222.0,41.0,,,13106081005009,14.236706689536879,7.0325900514579756,3.2590051457975986,0.8300000000000001,0.41000000000000003,0.19
78,,,0.05,80,4.0,2.0,,,13106131003025,,2.5,,,0.02,
94,2.0,9.0,0.32407407407407407,108,35.0,3.0,,,13106131003002,1.8518518518518519,2.7777777777777777,8.333333333333334,0.02,0.03,0.09
132,2.0,14.0,0.32,150,48.0,2.0,,,13106101004001,1.3333333333333333,1.3333333333333333,9.333333333333334,0.02,0.02,0.14
46,3.0,2.0,0.21153846153846154,52,11.0,1.0,,,13106101004011,5.769230769230769,1.9230769230769231,3.8461538461538463,0.03,0.01,0.02
84,3.0,2.0,0.10112359550561797,89,9.0,,,,13106131003001,3.3707865168539324,,2.247191011235955,0.03,,0.02
47,4.0,4.0,0.43333333333333335,60,26.0,5.0,,,13106101004013,6.666666666666667,8.333333333333334,6.666666666666667,0.04,0.05,0.04
187,5.0,3.0,0.1568627450980392,204,32.0,9.0,,,13106101004015,2.450980392156863,4.411764705882353,1.4705882352941178,0.05,0.09,0.03
135,,2.0,0.07194244604316546,139,10.0,2.0,,,13106131003024,,1.4388489208633093,1.4388489208633093,,0.02,0.02
25,,,0.14814814814814814,27,4.0,2.0,,,13106131003020,,7.407407407407407,,,0.02,
151,7.0,10.0,0.25146198830409355,171,43.0,3.0,,,13106101003014,4.093567251461988,1.7543859649122806,5.847953216374269,0.07,0.03,0.1
110,,1.0,0.02702702702702703,111,3.0,,,,13106131003019,,,0.9009009009009009,,,0.01
152,,2.0,0.03896103896103896,154,6.0,,,,13106131003009,,,1.2987012987012987,,,0.02
1272,154.0,67.0,0.38390663390663393,1628,625.0,135.0,,,13106081006002,9.45945945945946,8.292383292383292,4.115479115479116,1.54,1.35,0.67
97,9.0,12.0,0.3949579831932773,119,47.0,1.0,,,13106081005002,7.563025210084033,0.8403361344537815,10.084033613445378,0.09,0.01,0.12
40,,7.0,0.44680851063829785,47,21.0,,,,13106101004012,,,14.893617021276595,,,0.07
38,1.0,3.0,0.23809523809523808,42,10.0,,,,13106101003017,2.380952380952381,,7.142857142857143,0.01,,0.03
101,,3.0,0.23893805309734514,113,27.0,9.0,,,13106051001022,,7.964601769911504,2.6548672566371683,,0.09,0.03
52,,2.0,0.14545454545454545,55,8.0,1.0,,,13106101004004,,1.8181818181818181,3.6363636363636362,,0.01,0.02
184,2.0,6.0,0.26666666666666666,210,56.0,18.0,,,13106101003013,0.9523809523809523,8.571428571428571,2.857142857142857,0.02,0.18,0.06
30,1.0,,0.39473684210526316,38,15.0,7.0,,,13106101004016,2.6315789473684212,18.42105263157895,,0.01,0.07,
73,,1.0,0.04054054054054054,74,3.0,,,,13106101003016,,,1.3513513513513513,,,0.01
23,,,0.23076923076923078,26,6.0,3.0,,,13106091002003,,11.538461538461538,,,0.03,
30,,,0.0,30,0.0,,,,13106131003021,,,,,,
27,2.0,,0.35294117647058826,34,12.0,5.0,,,13106101004002,5.882352941176471,14.705882352941176,,0.02,0.05,
24,,,0.0,24,0.0,,,,13106091002002,,,,,,
210,8.0,5.0,0.18454935622317598,233,43.0,10.0,,,13106101003012,3.4334763948497855,4.291845493562231,2.1459227467811157,0.08,0.1,0.05
23,1.0,,0.041666666666666664,24,1.0,,,,13106091002001,4.166666666666667,,,0.01,,
30,3.0,,0.2,35,7.0,2.0,,,13106081006001,8.571428571428571,5.714285714285714,,0.03,0.02,
10,2.0,,0.5333333333333333,15,8.0,3.0,,,13106101001031,13.333333333333334,20.0,,0.02,0.03,
81,4.0,,0.21505376344086022,93,20.0,8.0,,,13106101004017,4.301075268817204,8.602150537634408,,0.04,0.08,
26,3.0,,0.10344827586206896,29,3.0,,,,13106091001008,10.344827586206897,,,0.03,,
836,68.0,79.0,0.3889427740058196,1031,401.0,48.0,,,13106101001026,6.595538312318138,4.655674102812803,7.662463627546072,0.68,0.48,0.79
45,,,0.0,45,0.0,,,,13106051001021,,,,,,
52,,,0.14285714285714285,56,8.0,4.0,,,13106081005004,,7.142857142857143,,,0.04,
806,47.0,81.0,0.33015873015873015,945,312.0,11.0,,,13106101004022,4.973544973544974,1.164021164021164,8.571428571428571,0.47000000000000003,0.11,0.81
23,,1.0,0.3333333333333333,27,9.0,3.0,,,13106091001007,,11.11111111111111,3.7037037037037037,,0.03,0.01
18,1.0,3.0,0.45454545454545453,22,10.0,,,,13106081005008,4.545454545454546,,13.636363636363637,0.01,,0.03
42,3.0,,0.06666666666666667,45,3.0,,,,13106091002004,6.666666666666667,,,0.03,,
20,1.0,1.0,0.18181818181818182,22,4.0,,,,13106091001006,4.545454545454546,,4.545454545454546,0.01,,0.01
30,7.0,,0.1891891891891892,37,7.0,,,,13106091002005,18.91891891891892,,,0.07,,
40,,2.0,0.14285714285714285,42,6.0,,,,13106091002029,,,4.761904761904762,,,0.02
31,1.0,,0.2972972972972973,37,11.0,5.0,,,13106091001004,2.7027027027027026,13.513513513513514,,0.01,0.05,
415,3.0,9.0,0.15246636771300448,446,68.0,19.0,,,13106131003022,0.672645739910314,4.260089686098655,2.0179372197309418,0.03,0.19,0.09
20,6.0,,0.9777777777777777,45,44.0,19.0,,,13106101004018,13.333333333333334,42.22222222222222,,0.06,0.19,
13,,5.0,0.8333333333333334,18,15.0,,,,13106101001030,,,27.77777777777778,,,0.05
367,7.0,12.0,0.15443037974683543,395,61.0,9.0,,,13106131003008,1.7721518987341771,2.278481012658228,3.037974683544304,0.07,0.09,0.12
36,2.0,4.0,0.3333333333333333,42,14.0,,,,13106091001003,4.761904761904762,,9.523809523809524,0.02,,0.04
278,14.0,16.0,0.26332288401253917,319,84.0,11.0,,,13106131003007,4.38871473354232,3.4482758620689653,5.015673981191223,0.14,0.11,0.16
297,5.0,7.0,0.08414239482200647,309,26.0,,,,13106131003004,1.6181229773462784,,2.26537216828479,0.05,,0.07
155,,17.0,0.32571428571428573,175,57.0,3.0,,,13106131003003,,1.7142857142857142,9.714285714285714,,0.03,0.17
117,,3.0,0.075,120,9.0,,,,13106051001023,,,2.5,,,0.03
33,,3.0,0.34210526315789475,38,13.0,2.0,,,13106091001002,,5.2631578947368425,7.894736842105263,,0.02,0.03
34,,3.0,0.2894736842105263,38,11.0,1.0,,,13106081005006,,2.6315789473684212,7.894736842105263,,0.01,0.03
92,,1.0,0.05319148936170213,94,5.0,1.0,,,13106051001020,,1.0638297872340425,1.0638297872340425,,0.01,0.01
45,,1.0,0.06521739130434782,46,3.0,,,,13106091001001,,,2.1739130434782608,,,0.01
508,27.0,27.0,0.22996515679442509,574,132.0,12.0,,,13106081005033,4.70383275261324,2.0905923344947737,4.70383275261324,0.27,0.12,0.27
102,5.0,3.0,0.12727272727272726,110,14.0,,,,13106051001002,4.545454545454546,,2.727272727272727,0.05,,0.03
60,6.0,7.0,0.45454545454545453,77,35.0,4.0,,,13106101001002,7.792207792207792,5.194805194805195,9.090909090909092,0.06,0.04,0.07
23,,,0.08333333333333333,24,2.0,1.0,,,13106101001029,,4.166666666666667,,,0.01,
420,52.0,18.0,0.3446969696969697,528,182.0,38.0,,,13106081006003,9.848484848484848,7.196969696969697,3.409090909090909,0.52,0.38,0.18
403,18.0,2.0,0.09722222222222222,432,42.0,9.0,,,13106081002014,4.166666666666667,2.0833333333333335,0.46296296296296297,0.18,0.09,0.02
51,,,0.0,51,0.0,,,,13106101001001,,,,,,
44,1.0,,0.06521739130434782,46,3.0,1.0,,,13106081005022,2.1739130434782608,2.1739130434782608,,0.01,0.01,
51,,3.0,0.29310344827586204,58,17.0,4.0,,,13106091002028,,6.896551724137931,5.172413793103448,,0.04,0.03
67,,1.0,0.1,70,7.0,2.0,,,13106091002027,,2.857142857142857,1.4285714285714286,,0.02,0.01
209,10.0,8.0,0.15789473684210525,228,36.0,1.0,,,13106091002024,4.385964912280702,0.43859649122807015,3.508771929824561,0.1,0.01,0.08
56,1.0,,0.017543859649122806,57,1.0,,,,13106091002009,1.7543859649122806,,,0.01,,
58,,,0.06666666666666667,60,4.0,2.0,,,13106091002008,,3.3333333333333335,,,0.02,
36,,,0.43478260869565216,46,20.0,10.0,,,13106101004021,,21.73913043478261,,,0.1,
51,3.0,,0.09090909090909091,55,5.0,1.0,,,13106091002007,5.454545454545454,1.8181818181818181,,0.03,0.01,
697,10.0,34.0,0.1586021505376344,744,118.0,3.0,,,13106051001001,1.3440860215053763,0.4032258064516129,4.56989247311828,0.1,0.03,0.34
50,,,0.18181818181818182,55,10.0,5.0,,,13106091001010,,9.090909090909092,,,0.05,
16,1.0,,0.42857142857142855,21,9.0,4.0,,,13106101001028,4.761904761904762,19.047619047619047,,0.01,0.04,
121,5.0,,0.11450381679389313,131,15.0,5.0,,,13106051001024,3.816793893129771,3.816793893129771,,0.05,0.05,
44,2.0,3.0,0.22448979591836735,49,11.0,,,,13106101004020,4.081632653061225,,6.122448979591836,0.02,,0.03
51,,1.0,0.057692307692307696,52,3.0,,,,13106091001012,,,1.9230769230769231,,,0.01
40,1.0,2.0,0.16279069767441862,43,7.0,,,,13106081005021,2.3255813953488373,,4.651162790697675,0.01,,0.02
89,5.0,2.0,0.24271844660194175,103,25.0,7.0,,,13106051001019,4.854368932038835,6.796116504854369,1.941747572815534,0.05,0.07,0.02
52,4.0,,0.13793103448275862,58,8.0,2.0,,,13106091001013,6.896551724137931,3.4482758620689653,,0.04,0.02,
20,,2.0,0.4166666666666667,24,10.0,2.0,,,13106081005023,,8.333333333333334,8.333333333333334,,0.02,0.02
52,,3.0,0.22807017543859648,57,13.0,2.0,,,13106091001014,,3.508771929824561,5.2631578947368425,,0.02,0.03
127,2.0,,0.03076923076923077,130,4.0,1.0,,,13106051001003,1.5384615384615385,0.7692307692307693,,0.02,0.01,
52,4.0,,0.2857142857142857,63,18.0,7.0,,,13106091001015,6.349206349206349,11.11111111111111,,0.04,0.07,
42,1.0,,0.023255813953488372,43,1.0,,,,13106081005016,2.3255813953488373,,,0.01,,
31,,5.0,0.4166666666666667,36,15.0,,,,13106081005015,,,13.88888888888889,,,0.05
42,1.0,1.0,0.2857142857142857,49,14.0,5.0,,,13106081005010,2.0408163265306123,10.204081632653061,2.0408163265306123,0.01,0.05,0.01
21,,,0.0,21,0.0,,,,13106081005019,,,,,,
35,2.0,,0.05405405405405406,37,2.0,,,,13106081005025,5.405405405405405,,,0.02,,
22,1.0,,0.043478260869565216,23,1.0,,,,13106081005020,4.3478260869565215,,,0.01,,
58,1.0,1.0,0.06666666666666667,60,4.0,,,,13106101001004,1.6666666666666667,,1.6666666666666667,0.01,,0.01
32,,2.0,0.17647058823529413,34,6.0,,,,13106051001025,,,5.882352941176471,,,0.02
35,,,0.0,35,0.0,,,,13106051001026,,,,,,
36,5.0,,0.12195121951219512,41,5.0,,,,13106091002025,12.195121951219512,,,0.05,,
17,,,0.1111111111111111,18,2.0,1.0,,,13106051001017,,5.555555555555555,,,0.01,
35,3.0,,0.2619047619047619,42,11.0,4.0,,,13106091002026,7.142857142857143,9.523809523809524,,0.03,0.04,
31,,1.0,0.3055555555555556,36,11.0,4.0,,,13106081005018,,11.11111111111111,2.7777777777777777,,0.04,0.01
30,2.0,4.0,0.47368421052631576,38,18.0,2.0,,,13106081005026,5.2631578947368425,5.2631578947368425,10.526315789473685,0.02,0.02,0.04
12,,,0.0,12,0.0,,,,13106051001018,,,,,,
12,,,0.0,12,0.0,,,,13106051001004,,,,,,
11,,,0.0,11,0.0,,,,13106051001005,,,,,,
12,,1.0,0.5625,16,9.0,3.0,,,13106051001006,,18.75,6.25,,0.03,0.01
35,2.0,,0.05405405405405406,37,2.0,,,,13106081005017,5.405405405405405,,,0.02,,
205,24.0,29.0,0.8461538461538461,351,297.0,93.0,,,13106091001024,6.837606837606837,26.495726495726494,8.262108262108262,0.24,0.93,0.29
1552,132.0,45.0,0.46733909702209414,2082,973.0,353.0,,,13106051002500,6.340057636887608,16.95485110470701,2.161383285302594,1.32,3.5300000000000002,0.45
26,2.0,,0.25806451612903225,31,8.0,3.0,,,13106081005013,6.451612903225806,9.67741935483871,,0.02,0.03,
61,,1.0,0.04838709677419355,62,3.0,,,,13106091002010,,,1.6129032258064515,,,0.01
57,,,0.0,57,0.0,,,,13106091002011,,,,,,
31,1.0,,0.14705882352941177,34,5.0,2.0,,,13106051001028,2.9411764705882355,5.882352941176471,,0.01,0.02,
50,,,0.07692307692307693,52,4.0,2.0,,,13106091002012,,3.8461538461538463,,,0.02,
22,1.0,,0.125,24,3.0,1.0,,,13106051001016,4.166666666666667,4.166666666666667,,0.01,0.01,
15,2.0,2.0,0.75,24,18.0,5.0,,,13106051001015,8.333333333333334,20.833333333333332,8.333333333333334,0.02,0.05,0.02
32,3.0,,0.1891891891891892,37,7.0,2.0,,,13106081005011,8.108108108108109,5.405405405405405,,0.03,0.02,
25,3.0,,0.10714285714285714,28,3.0,,,,13106051001014,10.714285714285714,,,0.03,,
47,1.0,,0.17307692307692307,52,9.0,4.0,,,13106091001025,1.9230769230769231,7.6923076923076925,,0.01,0.04,
34,4.0,1.0,0.225,40,9.0,1.0,,,13106051001027,10.0,2.5,2.5,0.04,0.01,0.01
21,3.0,1.0,0.24,25,6.0,,,,13106051001013,12.0,,4.0,0.03,,0.01
21,3.0,,0.125,24,3.0,,,,13106081005031,12.5,,,0.03,,
27,,,0.0,27,0.0,,,,13106051001011,,,,,,
25,,1.0,0.18518518518518517,27,5.0,1.0,,,13106051001010,,3.7037037037037037,3.7037037037037037,,0.01,0.01
140,3.0,29.0,0.5232558139534884,172,90.0,,,,13106101001025,1.744186046511628,,16.86046511627907,0.03,,0.29
33,,,0.16666666666666666,36,6.0,3.0,,,13106081005027,,8.333333333333334,,,0.03,
26,,1.0,0.1111111111111111,27,3.0,,,,13106051001008,,,3.7037037037037037,,,0.01
27,4.0,1.0,0.2727272727272727,33,9.0,1.0,,,13106051001007,12.121212121212121,3.0303030303030303,3.0303030303030303,0.04,0.01,0.01
43,1.0,1.0,0.34615384615384615,52,18.0,7.0,,,13106091001023,1.9230769230769231,13.461538461538462,1.9230769230769231,0.01,0.07,0.01
53,1.0,,0.15517241379310345,58,9.0,4.0,,,13106091001020,1.7241379310344827,6.896551724137931,,0.01,0.04,
454,2.0,11.0,0.17276422764227642,492,85.0,25.0,,,13106011001007,0.4065040650406504,5.08130081300813,2.2357723577235773,0.02,0.25,0.11
50,,,0.11320754716981132,53,6.0,3.0,,,13106091001019,,5.660377358490566,,,0.03,
60,2.0,2.0,0.125,64,8.0,,,,13106091001016,3.125,,3.125,0.02,,0.02
27,1.0,,0.10344827586206896,29,3.0,1.0,,,13106081005012,3.4482758620689653,3.4482758620689653,,0.01,0.01,
40,,2.0,0.14285714285714285,42,6.0,,,,13106051001029,,,4.761904761904762,,,0.02
476,15.0,26.0,0.231203007518797,532,123.0,15.0,,,13106011001006,2.819548872180451,2.819548872180451,4.887218045112782,0.15,0.15,0.26
17,4.0,,0.34782608695652173,23,8.0,2.0,,,13106081005029,17.391304347826086,8.695652173913043,,0.04,0.02,
40,,2.0,0.14285714285714285,42,6.0,,,,13106051001030,,,4.761904761904762,,,0.02
31,,,0.0,31,0.0,,,,13106081001002,,,,,,
34,2.0,,0.25,40,10.0,4.0,,,13106081005032,5.0,10.0,,0.02,0.04,
383,15.0,27.0,0.2706422018348624,436,118.0,11.0,,,13106011001001,3.4403669724770642,2.522935779816514,6.192660550458716,0.15,0.11,0.27
42,3.0,,0.06666666666666667,45,3.0,,,,13106101001021,6.666666666666667,,,0.03,,
20,1.0,,0.13636363636363635,22,3.0,1.0,,,13106081005028,4.545454545454546,4.545454545454546,,0.01,0.01,
15,1.0,1.0,0.3333333333333333,18,6.0,1.0,,,13106081005037,5.555555555555555,5.555555555555555,5.555555555555555,0.01,0.01,0.01
50,,,0.0392156862745098,51,2.0,1.0,,,13106101001005,,1.9607843137254901,,,0.01,
32,,,0.0,32,0.0,,,,13106081005038,,,,,,
61,4.0,2.0,0.22857142857142856,70,16.0,3.0,,,13106061002004,5.714285714285714,4.285714285714286,2.857142857142857,0.04,0.03,0.02
41,1.0,,0.11363636363636363,44,5.0,2.0,,,13106051001032,2.272727272727273,4.545454545454546,,0.01,0.02,
55,,1.0,0.1206896551724138,58,7.0,2.0,,,13106081005039,,3.4482758620689653,1.7241379310344827,,0.02,0.01
124,3.0,1.0,0.06201550387596899,129,8.0,1.0,,,13106081002013,2.3255813953488373,0.7751937984496124,0.7751937984496124,0.03,0.01,0.01
27,1.0,,0.4722222222222222,36,17.0,8.0,,,13106051001031,2.7777777777777777,22.22222222222222,,0.01,0.08,
36,,2.0,0.20512820512820512,39,8.0,1.0,,,13106081005034,,2.5641025641025643,5.128205128205129,,0.01,0.02
13,,,0.0,13,0.0,,,,13106051003002,,,,,,
12,,,0.0,12,0.0,,,,13106051003001,,,,,,
66,5.0,9.0,0.43902439024390244,82,36.0,2.0,,,13106061002003,6.097560975609756,2.4390243902439024,10.975609756097562,0.05,0.02,0.09
30,,,0.06451612903225806,31,2.0,1.0,,,13106081001003,,3.225806451612903,,,0.01,
70,,1.0,0.04225352112676056,71,3.0,,,,13106051001012,,,1.408450704225352,,,0.01
37,,,0.0,37,0.0,,,,13106101001022,,,,,,
42,1.0,1.0,0.09090909090909091,44,4.0,,,,13106101001024,2.272727272727273,,2.272727272727273,0.01,,0.01
347,32.0,5.0,0.2833333333333333,420,119.0,36.0,,,13106091002023,7.619047619047619,8.571428571428571,1.1904761904761905,0.32,0.36,0.05
46,1.0,3.0,0.2,50,10.0,,,,13106081005036,2.0,,6.0,0.01,,0.03
44,4.0,1.0,0.2830188679245283,53,15.0,4.0,,,13106101001008,7.547169811320755,7.547169811320755,1.8867924528301887,0.04,0.04,0.01
32,,2.0,0.22857142857142856,35,8.0,1.0,,,13106081005042,,2.857142857142857,5.714285714285714,,0.01,0.02
56,6.0,1.0,0.14285714285714285,63,9.0,,,,13106051003003,9.523809523809524,,1.5873015873015872,0.06,,0.01
58,2.0,,0.06557377049180328,61,4.0,1.0,,,13106091002015,3.278688524590164,1.639344262295082,,0.02,0.01,
53,2.0,,0.03636363636363636,55,2.0,,,,13106091002014,3.6363636363636362,,,0.02,,
55,4.0,4.0,0.25396825396825395,63,16.0,,,,13106061002002,6.349206349206349,,6.349206349206349,0.04,,0.04
112,2.0,,0.05172413793103448,116,6.0,2.0,,,13106051003004,1.7241379310344827,1.7241379310344827,,0.02,0.02,
78,7.0,2.0,0.19101123595505617,89,17.0,2.0,,,13106101001006,7.865168539325842,2.247191011235955,2.247191011235955,0.07,0.02,0.02
129,3.0,2.0,0.08148148148148149,135,11.0,1.0,,,13106101001023,2.2222222222222223,0.7407407407407407,1.4814814814814814,0.03,0.01,0.02
54,1.0,,0.01818181818181818,55,1.0,,,,13106091002013,1.8181818181818181,,,0.01,,
37,2.0,1.0,0.21428571428571427,42,9.0,2.0,,,13106101001019,4.761904761904762,4.761904761904762,2.380952380952381,0.02,0.02,0.01
51,4.0,,0.07272727272727272,55,4.0,,,,13106091001026,7.2727272727272725,,,0.04,,
32,,,0.0,32,0.0,,,,13106081001004,,,,,,
18,,,0.0,18,0.0,,,,13106051002004,,,,,,
151,6.0,6.0,0.1696969696969697,165,28.0,2.0,,,13106061002001,3.6363636363636362,1.2121212121212122,3.6363636363636362,0.06,0.02,0.06
46,8.0,2.0,0.2807017543859649,57,16.0,1.0,,,13106091001022,14.035087719298245,1.7543859649122806,3.508771929824561,0.08,0.01,0.02
22,,,0.08695652173913043,23,2.0,1.0,,,13106051002003,,4.3478260869565215,,,0.01,
48,3.0,,0.16666666666666666,54,9.0,3.0,,,13106091001021,5.555555555555555,5.555555555555555,,0.03,0.03,
29,,1.0,0.16129032258064516,31,5.0,1.0,,,13106051002002,,3.225806451612903,3.225806451612903,,0.01,0.01
44,4.0,,0.2641509433962264,53,14.0,5.0,,,13106091001018,7.547169811320755,9.433962264150944,,0.04,0.05,
59,1.0,,0.140625,64,9.0,4.0,,,13106091001017,1.5625,6.25,,0.01,0.04,
209,6.0,5.0,0.10407239819004525,221,23.0,1.0,,,13106011001005,2.7149321266968327,0.45248868778280543,2.262443438914027,0.06,0.01,0.05
18,,1.0,0.15789473684210525,19,3.0,,,,13106081005040,,,5.2631578947368425,,,0.01
107,3.0,3.0,0.2459016393442623,122,30.0,9.0,,,13106051003008,2.459016393442623,7.377049180327869,2.459016393442623,0.03,0.09,0.03
48,10.0,,0.2033898305084746,59,12.0,1.0,,,13106101001009,16.949152542372882,1.694915254237288,,0.1,0.01,
149,3.0,1.0,0.05194805194805195,154,8.0,1.0,,,13106011001004,1.948051948051948,0.6493506493506493,0.6493506493506493,0.03,0.01,0.01
25,,,0.14814814814814814,27,4.0,2.0,,,13106051003009,,7.407407407407407,,,0.02,
26,,3.0,0.3103448275862069,29,9.0,,,,13106051003010,,,10.344827586206897,,,0.03
152,,1.0,0.10625,160,17.0,7.0,,,13106011001003,,4.375,0.625,,0.07,0.01
33,,1.0,0.19444444444444445,36,7.0,2.0,,,13106081001005,,5.555555555555555,2.7777777777777777,,0.02,0.01
48,1.0,,0.02040816326530612,49,1.0,,,,13106101001018,2.0408163265306123,,,0.01,,
153,9.0,,0.06748466257668712,163,11.0,1.0,,,13106011001002,5.521472392638037,0.6134969325153374,,0.09,0.01,
40,4.0,,0.13333333333333333,45,6.0,1.0,,,13106081005043,8.88888888888889,2.2222222222222223,,0.04,0.01,
20,,1.0,0.14285714285714285,21,3.0,,,,13106051002005,,,4.761904761904762,,,0.01
80,,1.0,0.08433734939759036,83,7.0,2.0,,,13106051003005,,2.4096385542168677,1.2048192771084338,,0.02,0.01
142,11.0,5.0,0.3236994219653179,173,56.0,15.0,,,13106081005045,6.358381502890174,8.670520231213873,2.8901734104046244,0.11,0.15,0.05
28,,,0.0,28,0.0,,,,13106051002006,,,,,,
110,10.0,1.0,0.12295081967213115,122,15.0,1.0,,,13106051003007,8.19672131147541,0.819672131147541,0.819672131147541,0.1,0.01,0.01
26,9.0,,0.5476190476190477,42,23.0,7.0,,,13106051002007,21.428571428571427,16.666666666666668,,0.09,0.07,
2046,125.0,131.0,0.29109159347553326,2391,696.0,89.0,,,13106081003002,5.227938101212882,3.7222919280635716,5.4788791300711,1.25,0.89,1.31
78,,2.0,0.12195121951219512,82,10.0,2.0,,,13106081002012,,2.4390243902439024,2.4390243902439024,,0.02,0.02
41,,,0.0,41,0.0,,,,13106101001011,,,,,,
29,,7.0,0.5833333333333334,36,21.0,,,,13106081005044,,,19.444444444444443,,,0.07
104,3.0,9.0,0.25862068965517243,116,30.0,,,,13106081002011,2.586206896551724,,7.758620689655173,0.03,,0.09
41,,,0.0,41,0.0,,,,13106081001006,,,,,,
40,4.0,4.0,0.43137254901960786,51,22.0,3.0,,,13106101001012,7.8431372549019605,5.882352941176471,7.8431372549019605,0.04,0.03,0.04
55,2.0,,0.1016949152542373,59,6.0,2.0,,,13106101001017,3.389830508474576,3.389830508474576,,0.02,0.02,
24,,,0.15384615384615385,26,4.0,2.0,,,13106051003012,,7.6923076923076925,,,0.02,
23,,,0.08333333333333333,24,2.0,1.0,,,13106051003011,,4.166666666666667,,,0.01,
46,,,0.0,46,0.0,,,,13106101001016,,,,,,
61,,,0.0,61,0.0,,,,13106091002016,,,,,,
49,3.0,,0.16363636363636364,55,9.0,3.0,,,13106091002017,5.454545454545454,5.454545454545454,,0.03,0.03,
45,2.0,,0.0425531914893617,47,2.0,,,,13106081001007,4.25531914893617,,,0.02,,
52,2.0,,0.2033898305084746,59,12.0,5.0,,,13106091002018,3.389830508474576,8.474576271186441,,0.02,0.05,
60,,,0.0,60,0.0,,,,13106061002009,,,,,,
56,,1.0,0.05263157894736842,57,3.0,,,,13106061002008,,,1.7543859649122806,,,0.01
48,,,0.0,48,0.0,,,,13106061002005,,,,,,
43,2.0,,0.1276595744680851,47,6.0,2.0,,,13106101001015,4.25531914893617,4.25531914893617,,0.02,0.02,
47,2.0,,0.04081632653061224,49,2.0,,,,13106061002013,4.081632653061225,,,0.02,,
44,,,0.0,44,0.0,,,,13106061002016,,,,,,
78,,1.0,0.0379746835443038,79,3.0,,,,13106051003006,,,1.2658227848101267,,,0.01
98,3.0,4.0,0.17757009345794392,107,19.0,2.0,,,13106081005046,2.803738317757009,1.8691588785046729,3.7383177570093458,0.03,0.02,0.04
54,,,0.0,54,0.0,,,,13106091001030,,,,,,
55,,,0.03571428571428571,56,2.0,1.0,,,13106091001031,,1.7857142857142858,,,0.01,
21,2.0,,0.24,25,6.0,2.0,,,13106061002021,8.0,8.0,,0.02,0.02,
122,6.0,,0.0916030534351145,131,12.0,3.0,,,13106061002020,4.580152671755725,2.2900763358778624,,0.06,0.03,
44,,4.0,0.25,48,12.0,,,,13106061002017,,,8.333333333333334,,,0.04
46,1.0,,0.0625,48,3.0,1.0,,,13106101001014,2.0833333333333335,2.0833333333333335,,0.01,0.01,
58,5.0,,0.109375,64,7.0,1.0,,,13106091001032,7.8125,1.5625,,0.05,0.01,
275,44.0,41.0,0.5964467005076142,394,235.0,34.0,,,13106061001006,11.16751269035533,8.629441624365482,10.406091370558375,0.44,0.34,0.41000000000000003
21,,,0.32,25,8.0,4.0,,,13106051003013,,16.0,,,0.04,
30,,,0.06451612903225806,31,2.0,1.0,,,13106051003014,,3.225806451612903,,,0.01,
53,1.0,,0.018518518518518517,54,1.0,,,,13106081001008,1.8518518518518519,,,0.01,,
49,1.0,,0.16666666666666666,54,9.0,4.0,,,13106101001013,1.8518518518518519,7.407407407407407,,0.01,0.04,
18,5.0,,0.21739130434782608,23,5.0,,,,13106051002010,21.73913043478261,,,0.05,,
18,,,0.0,18,0.0,,,,13106051002011,,,,,,
29,4.0,,0.12121212121212122,33,4.0,,,,13106051002012,12.121212121212121,,,0.04,,
531,9.0,67.0,0.3832528180354267,621,238.0,14.0,,,13106081002004,1.4492753623188406,2.254428341384863,10.789049919484702,0.09,0.14,0.67
729,1.0,7.0,0.029850746268656716,737,22.0,,,,13106011001009,0.13568521031207598,,0.9497964721845319,0.01,,0.07
151,4.0,1.0,0.11728395061728394,162,19.0,6.0,,,13106081002005,2.4691358024691357,3.7037037037037037,0.6172839506172839,0.04,0.06,0.01
387,2.0,8.0,0.09900990099009901,404,40.0,7.0,,,13106011001010,0.49504950495049505,1.7326732673267327,1.9801980198019802,0.02,0.07,0.08
33,,,0.3076923076923077,39,12.0,6.0,,,13106081001010,,15.384615384615385,,,0.06,
451,7.0,34.0,0.3140655105973025,519,163.0,27.0,,,13106011001011,1.348747591522158,5.202312138728324,6.551059730250482,0.07,0.27,0.34
78,,,0.0,78,0.0,,,,13106051003023,,,,,,
38,2.0,,0.05,40,2.0,,,,13106081001009,5.0,,,0.02,,
267,9.0,6.0,0.10915492957746478,284,31.0,2.0,,,13106011001013,3.1690140845070425,0.704225352112676,2.112676056338028,0.09,0.02,0.06
116,4.0,1.0,0.08943089430894309,123,11.0,2.0,,,13106051003022,3.252032520325203,1.6260162601626016,0.8130081300813008,0.04,0.02,0.01
231,2.0,,0.03389830508474576,236,8.0,3.0,,,13106011001014,0.847457627118644,1.271186440677966,,0.02,0.03,
245,5.0,1.0,0.04743083003952569,253,12.0,2.0,,,13106051003020,1.976284584980237,0.7905138339920948,0.3952569169960474,0.05,0.02,0.01
30,,1.0,0.0967741935483871,31,3.0,,,,13106051003015,,,3.225806451612903,,,0.01
191,1.0,,0.05583756345177665,197,11.0,5.0,,,13106011001017,0.5076142131979695,2.5380710659898478,,0.01,0.05,
46,1.0,2.0,0.14285714285714285,49,7.0,,,,13106081002010,2.0408163265306123,,4.081632653061225,0.01,,0.02
118,4.0,,0.08,125,10.0,3.0,,,13106091002022,3.2,2.4,,0.04,0.03,
33,1.0,,0.1388888888888889,36,5.0,2.0,,,13106051002014,2.7777777777777777,5.555555555555555,,0.01,0.02,
40,5.0,1.0,0.17391304347826086,46,8.0,,,,13106051002013,10.869565217391305,,2.1739130434782608,0.05,,0.01
50,3.0,,0.05660377358490566,53,3.0,,,,13106061002022,5.660377358490566,,,0.03,,
5,2.0,,1.0,12,12.0,5.0,,,13106061001010,16.666666666666668,41.666666666666664,,0.02,0.05,
46,1.0,,0.02127659574468085,47,1.0,,,,13106091002021,2.127659574468085,,,0.01,,
51,1.0,,0.09259259259259259,54,5.0,2.0,,,13106061002015,1.8518518518518519,3.7037037037037037,,0.01,0.02,
48,,,0.0,48,0.0,,,,13106061002014,,,,,,
64,,,0.0,64,0.0,,,,13106061002011,,,,,,
70,,1.0,0.04225352112676056,71,3.0,,,,13106061002010,,,1.408450704225352,,,0.01
51,,,0.0,51,0.0,,,,13106091002020,,,,,,
54,,,0.0,54,0.0,,,,13106061002007,,,,,,
48,,,0.08,50,4.0,2.0,,,13106061002006,,4.0,,,0.02,
52,2.0,,0.23333333333333334,60,14.0,6.0,,,13106091002019,3.3333333333333335,10.0,,0.02,0.06,
42,,,0.0,42,0.0,,,,13106081001011,,,,,,
364,5.0,47.0,0.39344262295081966,427,168.0,11.0,,,13106091001035,1.17096018735363,2.576112412177986,11.007025761124122,0.05,0.11,0.47000000000000003
16,,,0.4,20,8.0,4.0,,,13106051003017,,20.0,,,0.04,
22,,,0.16666666666666666,24,4.0,2.0,,,13106051003016,,8.333333333333334,,,0.02,
19,,,0.0,19,0.0,,,,13106061002018,,,,,,
19,,,0.0,19,0.0,,,,13106051002015,,,,,,
20,,,0.0,20,0.0,,,,13106051002016,,,,,,
43,,,0.0,43,0.0,,,,13106081002009,,,,,,
56,,,0.1016949152542373,59,6.0,3.0,,,13106091001034,,5.084745762711864,,,0.03,
22,4.0,,0.2857142857142857,28,8.0,2.0,,,13106051002017,14.285714285714286,7.142857142857143,,0.04,0.02,
61,3.0,,0.046875,64,3.0,,,,13106091001033,4.6875,,,0.03,,
54,2.0,1.0,0.21311475409836064,61,13.0,4.0,,,13106081001012,3.278688524590164,6.557377049180328,1.639344262295082,0.02,0.04,0.01
87,6.0,2.0,0.12631578947368421,95,12.0,,,,13106081002002,6.315789473684211,,2.1052631578947367,0.06,,0.02
73,1.0,3.0,0.12987012987012986,77,10.0,,,,13106051003024,1.2987012987012987,,3.896103896103896,0.01,,0.03
17,4.0,,0.19047619047619047,21,4.0,,,,13106061002019,19.047619047619047,,,0.04,,
26,,,0.0,26,0.0,,,,13106051003018,,,,,,
39,,,0.0,39,0.0,,,,13106081002008,,,,,,
74,28.0,1.0,0.5887096774193549,124,73.0,21.0,,,13106071001022,22.580645161290324,16.93548387096774,0.8064516129032258,0.28,0.21,0.01
30,,,0.0,30,0.0,,,,13106051003019,,,,,,
49,3.0,5.0,0.3157894736842105,57,18.0,,,,13106081003003,5.2631578947368425,,8.771929824561404,0.03,,0.05
44,,,0.0,44,0.0,,,,13106051002020,,,,,,
35,1.0,,0.225,40,9.0,4.0,,,13106081001013,2.5,10.0,,0.01,0.04,
21,,,0.09090909090909091,22,2.0,1.0,,,13106051002019,,4.545454545454546,,,0.01,
19,4.0,1.0,0.2916666666666667,24,7.0,,,,13106051002018,16.666666666666668,,4.166666666666667,0.04,,0.01
38,3.0,3.0,0.2727272727272727,44,12.0,,,,13106071001021,6.818181818181818,,6.818181818181818,0.03,,0.03
1265,45.0,214.0,0.47579083279535184,1549,737.0,25.0,,,13106081002003,2.905100064557779,1.6139444803098772,13.81536475145255,0.45,0.25,2.14
24,2.0,,0.07692307692307693,26,2.0,,,,13106081001014,7.6923076923076925,,,0.02,,
33,1.0,2.0,0.19444444444444445,36,7.0,,,,13106081002007,2.7777777777777777,,5.555555555555555,0.01,,0.02
28,,,0.06896551724137931,29,2.0,1.0,,,13106071001020,,3.4482758620689653,,,0.01,
84,3.0,6.0,0.22580645161290322,93,21.0,,,,13106061002023,3.225806451612903,,6.451612903225806,0.03,,0.06
71,1.0,4.0,0.19480519480519481,77,15.0,1.0,,,13106051003025,1.2987012987012987,1.2987012987012987,5.194805194805195,0.01,0.01,0.04
96,2.0,,0.11650485436893204,103,12.0,5.0,,,13106061002024,1.941747572815534,4.854368932038835,,0.02,0.05,
84,2.0,,0.0898876404494382,89,8.0,3.0,,,13106061002025,2.247191011235955,3.3707865168539324,,0.02,0.03,
78,2.0,,0.025,80,2.0,,,,13106061002026,2.5,,,0.02,,
46,,,0.08333333333333333,48,4.0,2.0,,,13106061002028,,4.166666666666667,,,0.02,
48,2.0,,0.1509433962264151,53,8.0,3.0,,,13106061002029,3.7735849056603774,5.660377358490566,,0.02,0.03,
39,,,0.0,39,0.0,,,,13106081001016,,,,,,
49,3.0,8.0,0.47540983606557374,61,29.0,1.0,,,13106061002032,4.918032786885246,1.639344262295082,13.114754098360656,0.03,0.01,0.08
58,3.0,6.0,0.31343283582089554,67,21.0,,,,13106061002033,4.477611940298507,,8.955223880597014,0.03,,0.06
59,6.0,,0.14925373134328357,67,10.0,2.0,,,13106051003021,8.955223880597014,2.985074626865672,,0.06,0.02,
55,1.0,4.0,0.21666666666666667,60,13.0,,,,13106061002036,1.6666666666666667,,6.666666666666667,0.01,,0.04
52,,,0.0,52,0.0,,,,13106061002037,,,,,,
183,15.0,7.0,0.18446601941747573,206,38.0,1.0,,,13106051002021,7.281553398058253,0.4854368932038835,3.3980582524271843,0.15,0.01,0.07
31,1.0,,0.03125,32,1.0,,,,13106081001015,3.125,,,0.01,,
57,,1.0,0.11666666666666667,60,7.0,2.0,,,13106071001019,,3.3333333333333335,1.6666666666666667,,0.02,0.01
35,,6.0,0.43902439024390244,41,18.0,,,,13106071001012,,,14.634146341463415,,,0.06
35,1.0,2.0,0.275,40,11.0,2.0,,,13106081002006,2.5,5.0,5.0,0.01,0.02,0.02
34,,3.0,0.2894736842105263,38,11.0,1.0,,,13106091001036,,2.6315789473684212,7.894736842105263,,0.01,0.03
111,2.0,1.0,0.043859649122807015,114,5.0,,,,13106011001015,1.7543859649122806,,0.8771929824561403,0.02,,0.01
49,,,0.0784313725490196,51,4.0,2.0,,,13106091001037,,3.9215686274509802,,,0.02,
125,1.0,2.0,0.0546875,128,7.0,,,,13106011001012,0.78125,,1.5625,0.01,,0.02
30,,1.0,0.15625,32,5.0,1.0,,,13106081001017,,3.125,3.125,,0.01,0.01
67,5.0,,0.12162162162162163,74,9.0,2.0,,,13106091001039,6.756756756756757,2.7027027027027026,,0.05,0.02,
50,1.0,4.0,0.2982456140350877,57,17.0,2.0,,,13106071001011,1.7543859649122806,3.508771929824561,7.017543859649122,0.01,0.02,0.04
40,1.0,,0.024390243902439025,41,1.0,,,,13106081001018,2.4390243902439024,,,0.01,,
25,,,0.07692307692307693,26,2.0,1.0,,,13106081003004,,3.8461538461538463,,,0.01,
52,,,0.0,52,0.0,,,,13106061001020,,,,,,
63,2.0,,0.14492753623188406,69,10.0,4.0,,,13106081001019,2.898550724637681,5.797101449275362,,0.02,0.04,
45,,,0.0,45,0.0,,,,13106061001021,,,,,,
50,3.0,,0.09259259259259259,54,5.0,1.0,,,13106071001018,5.555555555555555,1.8518518518518519,,0.03,0.01,
1386,158.0,69.0,0.5432790224032586,1964,1067.0,351.0,,,13106081004011,8.044806517311608,17.871690427698574,3.513238289205703,1.58,3.5100000000000002,0.6900000000000001
24,,,0.15384615384615385,26,4.0,2.0,,,13106081003005,,7.6923076923076925,,,0.02,
79,,2.0,0.07407407407407407,81,6.0,,,,13106041001005,,,2.4691358024691357,,,0.02
84,1.0,5.0,0.17777777777777778,90,16.0,,,,13106081003006,1.1111111111111112,,5.555555555555555,0.01,,0.05
118,3.0,,0.07258064516129033,124,9.0,3.0,,,13106071001010,2.4193548387096775,2.4193548387096775,,0.03,0.03,
48,,,0.0,48,0.0,,,,13106061001019,,,,,,
73,,3.0,0.11842105263157894,76,9.0,,,,13106041001004,,,3.9473684210526314,,,0.03
30,2.0,,0.17647058823529413,34,6.0,2.0,,,13106081001020,5.882352941176471,5.882352941176471,,0.02,0.02,
2352,147.0,288.0,0.46930560214693057,2981,1399.0,194.0,,,13106021001003,4.931231130493123,6.507883260650789,9.661187520966118,1.47,1.94,2.88
86,4.0,,0.08695652173913043,92,8.0,2.0,,,13106071001013,4.3478260869565215,2.1739130434782608,,0.04,0.02,
40,2.0,,0.21739130434782608,46,10.0,4.0,,,13106071001023,4.3478260869565215,8.695652173913043,,0.02,0.04,
41,4.0,,0.13043478260869565,46,6.0,1.0,,,13106071001017,8.695652173913043,2.1739130434782608,,0.04,0.01,
95,,2.0,0.08163265306122448,98,8.0,1.0,,,13106041001003,,1.0204081632653061,2.0408163265306123,,0.01,0.02
27,,,0.2,30,6.0,3.0,,,13106061002027,,10.0,,,0.03,
43,,,0.045454545454545456,44,2.0,1.0,,,13106061002031,,2.272727272727273,,,0.01,
42,,,0.09090909090909091,44,4.0,2.0,,,13106061002034,,4.545454545454546,,,0.02,
32,,,0.0,32,0.0,,,,13106061002035,,,,,,
31,,,0.0,31,0.0,,,,13106061002038,,,,,,
308,9.0,12.0,0.31129476584022037,363,113.0,34.0,,,13106021001002,2.479338842975207,9.366391184573002,3.3057851239669422,0.09,0.34,0.12
74,7.0,1.0,0.20930232558139536,86,18.0,4.0,,,13106061001024,8.13953488372093,4.651162790697675,1.1627906976744187,0.07,0.04,0.01
8,,2.0,0.6,10,6.0,,,,13106041001006,,,20.0,,,0.02
34,,,0.0,34,0.0,,,,13106041001007,,,,,,
74,3.0,,0.03896103896103896,77,3.0,,,,13106061001023,3.896103896103896,,,0.03,,
72,2.0,1.0,0.06666666666666667,75,5.0,,,,13106081003007,2.6666666666666665,,1.3333333333333333,0.02,,0.01
55,2.0,3.0,0.3230769230769231,65,21.0,5.0,,,13106041001008,3.076923076923077,7.6923076923076925,4.615384615384615,0.02,0.05,0.03
134,2.0,,0.014705882352941176,136,2.0,,,,13106081003015,1.4705882352941178,,,0.02,,
47,3.0,1.0,0.11764705882352941,51,6.0,,,,13106071001002,5.882352941176471,,1.9607843137254901,0.03,,0.01
64,,1.0,0.1323529411764706,68,9.0,3.0,,,13106041001009,,4.411764705882353,1.4705882352941178,,0.03,0.01
74,3.0,1.0,0.125,80,10.0,2.0,,,13106061001022,3.75,2.5,1.25,0.03,0.02,0.01
77,6.0,4.0,0.22727272727272727,88,20.0,1.0,,,13106041001002,6.818181818181818,1.1363636363636365,4.545454545454546,0.06,0.01,0.04
69,,1.0,0.04285714285714286,70,3.0,,,,13106081001021,,,1.4285714285714286,,,0.01
44,3.0,3.0,0.27450980392156865,51,14.0,1.0,,,13106071001024,5.882352941176471,1.9607843137254901,5.882352941176471,0.03,0.01,0.03
68,3.0,,0.04225352112676056,71,3.0,,,,13106071001016,4.225352112676056,,,0.03,,
76,,,0.14634146341463414,82,12.0,6.0,,,13106041001010,,7.317073170731708,,,0.06,
122,3.0,3.0,0.12307692307692308,130,16.0,2.0,,,13106071001014,2.3076923076923075,1.5384615384615385,2.3076923076923075,0.03,0.02,0.03
78,1.0,,0.012658227848101266,79,1.0,,,,13106041001011,1.2658227848101267,,,0.01,,
81,7.0,1.0,0.23157894736842105,95,22.0,6.0,,,13106041001001,7.368421052631579,6.315789473684211,1.0526315789473684,0.07,0.06,0.01
27,1.0,,0.03571428571428571,28,1.0,,,,13106071001001,3.5714285714285716,,,0.01,,
71,,,0.08108108108108109,74,6.0,3.0,,,13106041001014,,4.054054054054054,,,0.03,
111,4.0,,0.06837606837606838,117,8.0,2.0,,,13106081003016,3.4188034188034186,1.7094017094017093,,0.04,0.02,
86,4.0,1.0,0.07692307692307693,91,7.0,,,,13106061001025,4.395604395604396,,1.098901098901099,0.04,,0.01
61,,1.0,0.13846153846153847,65,9.0,3.0,,,13106041001015,,4.615384615384615,1.5384615384615385,,0.03,0.01
67,3.0,1.0,0.08450704225352113,71,6.0,,,,13106081003008,4.225352112676056,,1.408450704225352,0.03,,0.01
45,,9.0,0.5,54,27.0,,,,13106071001025,,,16.666666666666668,,,0.09
64,1.0,,0.045454545454545456,66,3.0,1.0,,,13106041001016,1.5151515151515151,1.5151515151515151,,0.01,0.01,
415,6.0,7.0,0.12866817155756208,443,57.0,15.0,,,13106061002042,1.3544018058690745,3.386004514672686,1.580135440180587,0.06,0.15,0.07
41,,,0.0,41,0.0,,,,13106041002002,,,,,,
134,11.0,2.0,0.14093959731543623,149,21.0,2.0,,,13106081003019,7.382550335570469,1.342281879194631,1.342281879194631,0.11,0.02,0.02
65,,,0.11594202898550725,69,8.0,4.0,,,13106061002041,,5.797101449275362,,,0.04,
62,1.0,,0.10606060606060606,66,7.0,3.0,,,13106061002040,1.5151515151515151,4.545454545454546,,0.01,0.03,
56,,,0.0,56,0.0,,,,13106061002039,,,,,,
57,1.0,6.0,0.3230769230769231,65,21.0,1.0,,,13106041001017,1.5384615384615385,1.5384615384615385,9.23076923076923,0.01,0.01,0.06
38,,,0.0,38,0.0,,,,13106041002001,,,,,,
56,1.0,1.0,0.1016949152542373,59,6.0,1.0,,,13106041001018,1.694915254237288,1.694915254237288,1.694915254237288,0.01,0.01,0.01
49,,,0.0,49,0.0,,,,13106071001003,,,,,,
52,3.0,,0.05454545454545454,55,3.0,,,,13106041001019,5.454545454545454,,,0.03,,
37,8.0,1.0,0.38,50,19.0,4.0,,,13106041001020,16.0,8.0,2.0,0.08,0.04,0.01
42,3.0,6.0,0.4117647058823529,51,21.0,,,,13106041001021,5.882352941176471,,11.764705882352942,0.03,,0.06
683,76.0,15.0,0.18908629441624367,788,149.0,14.0,,,13106141001001,9.644670050761421,1.7766497461928934,1.9035532994923858,0.76,0.14,0.15
106,9.0,2.0,0.1440677966101695,118,17.0,1.0,,,13106071001008,7.627118644067797,0.847457627118644,1.694915254237288,0.09,0.01,0.02
89,11.0,,0.2169811320754717,106,23.0,6.0,,,13106061001027,10.377358490566039,5.660377358490566,,0.11,0.06,
57,,3.0,0.15,60,9.0,,,,13106041001022,,,5.0,,,0.03
62,2.0,2.0,0.12121212121212122,66,8.0,,,,13106081003009,3.0303030303030303,,3.0303030303030303,0.02,,0.02
39,1.0,,0.3877551020408163,49,19.0,9.0,,,13106061001028,2.0408163265306123,18.367346938775512,,0.01,0.09,
55,2.0,5.0,0.27419354838709675,62,17.0,,,,13106071001026,3.225806451612903,,8.064516129032258,0.02,,0.05
29,2.0,1.0,0.21212121212121213,33,7.0,1.0,,,13106081003020,6.0606060606060606,3.0303030303030303,3.0303030303030303,0.02,0.01,0.01
67,,2.0,0.08695652173913043,69,6.0,,,,13106061001029,,,2.898550724637681,,,0.02
25,,1.0,0.11538461538461539,26,3.0,,,,13106071001015,,,3.8461538461538463,,,0.01
34,,,0.0,34,0.0,,,,13106061002043,,,,,,
37,9.0,,0.2708333333333333,48,13.0,2.0,,,13106041001023,18.75,4.166666666666667,,0.09,0.02,
43,1.0,,0.022727272727272728,44,1.0,,,,13106071001007,2.272727272727273,,,0.01,,
767,22.0,14.0,0.20070011668611434,857,172.0,54.0,,,13106021001005,2.5670945157526255,6.301050175029172,1.633605600933489,0.22,0.54,0.14
29,2.0,,0.18181818181818182,33,6.0,2.0,,,13106071001004,6.0606060606060606,6.0606060606060606,,0.02,0.02,
47,6.0,,0.14814814814814814,54,8.0,1.0,,,13106081003034,11.11111111111111,1.8518518518518519,,0.06,0.01,
91,3.0,3.0,0.14285714285714285,98,14.0,1.0,,,13106061001026,3.061224489795918,1.0204081632653061,3.061224489795918,0.03,0.01,0.03
2689,292.0,155.0,0.40699017908723284,3462,1409.0,326.0,,,13106121002002,8.434430964760255,9.416522241478914,4.477180820335066,2.92,3.2600000000000002,1.55
152,1.0,6.0,0.11949685534591195,159,19.0,,,,13106111004001,0.6289308176100629,,3.7735849056603774,0.01,,0.06
139,2.0,12.0,0.28205128205128205,156,44.0,3.0,,,13106111004002,1.2820512820512822,1.9230769230769231,7.6923076923076925,0.02,0.03,0.12
132,4.0,1.0,0.35185185185185186,162,57.0,25.0,,,13106111004003,2.4691358024691357,15.432098765432098,0.6172839506172839,0.04,0.25,0.01
131,17.0,17.0,0.44047619047619047,168,74.0,3.0,,,13106111003004,10.119047619047619,1.7857142857142858,10.119047619047619,0.17,0.03,0.17
142,6.0,4.0,0.17834394904458598,157,28.0,5.0,,,13106111004004,3.821656050955414,3.1847133757961785,2.5477707006369426,0.06,0.05,0.04
110,,16.0,0.44274809160305345,131,58.0,5.0,,,13106111004005,,3.816793893129771,12.213740458015268,,0.05,0.16
113,2.0,1.0,0.05982905982905983,117,7.0,1.0,,,13106111003003,1.7094017094017093,0.8547008547008547,0.8547008547008547,0.02,0.01,0.01
154,5.0,,0.031446540880503145,159,5.0,,,,13106111003002,3.1446540880503147,,,0.05,,
145,1.0,6.0,0.125,152,19.0,,,,13106111003001,0.6578947368421053,,3.9473684210526314,0.01,,0.06
74,1.0,1.0,0.05263157894736842,76,4.0,,,,13106111001006,1.3157894736842106,,1.3157894736842106,0.01,,0.01
56,,2.0,0.10344827586206896,58,6.0,,,,13106111001005,,,3.4482758620689653,,,0.02
67,,,0.0,67,0.0,,,,13106111001004,,,,,,
141,6.0,5.0,0.1503267973856209,153,23.0,1.0,,,13106111004010,3.9215686274509802,0.6535947712418301,3.2679738562091503,0.06,0.01,0.05
106,13.0,14.0,0.6387096774193548,155,99.0,22.0,,,13106111004009,8.387096774193548,14.193548387096774,9.03225806451613,0.13,0.22,0.14
66,1.0,,0.014925373134328358,67,1.0,,,,13106111001003,1.492537313432836,,,0.01,,
156,,8.0,0.14634146341463414,164,24.0,,,,13106111004008,,,4.878048780487805,,,0.08
111,19.0,6.0,0.34507042253521125,142,49.0,6.0,,,13106111003005,13.380281690140846,4.225352112676056,4.225352112676056,0.19,0.06,0.06
41,,,0.0,41,0.0,,,,13106111001002,,,,,,
137,9.0,8.0,0.27044025157232704,159,43.0,5.0,,,13106111004007,5.660377358490566,3.1446540880503147,5.031446540880503,0.09,0.05,0.08
115,4.0,9.0,0.2692307692307692,130,35.0,2.0,,,13106111004006,3.076923076923077,1.5384615384615385,6.923076923076923,0.04,0.02,0.09
38,1.0,,0.20930232558139536,43,9.0,4.0,,,13106111003007,2.3255813953488373,9.30232558139535,,0.01,0.04,
178,2.0,,0.05434782608695652,184,10.0,4.0,,,13106111003008,1.0869565217391304,2.1739130434782608,,0.02,0.04,
101,1.0,11.0,0.3157894736842105,114,36.0,1.0,,,13106111003009,0.8771929824561403,0.8771929824561403,9.649122807017545,0.01,0.01,0.11
50,1.0,1.0,0.21428571428571427,56,12.0,4.0,,,13106111003006,1.7857142857142858,7.142857142857143,1.7857142857142858,0.01,0.04,0.01
70,,2.0,0.1095890410958904,73,8.0,1.0,,,13106111001007,,1.36986301369863,2.73972602739726,,0.01,0.02
50,1.0,,0.057692307692307696,52,3.0,1.0,,,13106111001008,1.9230769230769231,1.9230769230769231,,0.01,0.01,
60,,,0.0,60,0.0,,,,13106111001010,,,,,,
130,7.0,12.0,0.3223684210526316,152,49.0,3.0,,,13106111004011,4.605263157894737,1.9736842105263157,7.894736842105263,0.07,0.03,0.12
148,3.0,2.0,0.08387096774193549,155,13.0,2.0,,,13106111004014,1.935483870967742,1.2903225806451613,1.2903225806451613,0.03,0.02,0.02
105,3.0,1.0,0.2184873949579832,119,26.0,10.0,,,13106111003013,2.5210084033613445,8.403361344537815,0.8403361344537815,0.03,0.1,0.01
74,3.0,1.0,0.21428571428571427,84,18.0,6.0,,,13106111004021,3.5714285714285716,7.142857142857143,1.1904761904761905,0.03,0.06,0.01
128,,20.0,0.5696969696969697,165,94.0,17.0,,,13106111004017,,10.303030303030303,12.121212121212121,,0.17,0.2
132,4.0,9.0,0.33974358974358976,156,53.0,11.0,,,13106111004018,2.5641025641025643,7.051282051282051,5.769230769230769,0.04,0.11,0.09
198,4.0,7.0,0.15492957746478872,213,33.0,4.0,,,13106111004020,1.8779342723004695,1.8779342723004695,3.2863849765258215,0.04,0.04,0.07
50,1.0,,0.09433962264150944,53,5.0,2.0,,,13106111001009,1.8867924528301887,3.7735849056603774,,0.01,0.02,
81,1.0,10.0,0.33695652173913043,92,31.0,,,,13106111003010,1.0869565217391304,,10.869565217391305,0.01,,0.1
73,,,0.0,73,0.0,,,,13106111001019,,,,,,
516,38.0,31.0,0.27980132450331124,604,169.0,19.0,,,13106131001009,6.291390728476821,3.1456953642384105,5.132450331125828,0.38,0.19,0.31
47,,,0.12,50,6.0,3.0,,,13106111001018,,6.0,,,0.03,
104,4.0,8.0,0.2857142857142857,119,34.0,3.0,,,13106131004001,3.361344537815126,2.5210084033613445,6.722689075630252,0.04,0.03,0.08
101,,,0.0,101,0.0,,,,13106131004002,,,,,,
17,,,0.1111111111111111,18,2.0,1.0,,,13106131004003,,5.555555555555555,,,0.01,
15,1.0,,0.17647058823529413,17,3.0,1.0,,,13106131004004,5.882352941176471,5.882352941176471,,0.01,0.01,
32,,,0.0,32,0.0,,,,13106131004500,,,,,,
3339,18.0,230.0,0.21725944306589468,3627,788.0,40.0,,,13106011001008,0.49627791563275436,1.1028398125172318,6.341328921974084,0.18,0.4,2.3000000000000003
15,,,0.0,15,0.0,,,,13106131004007,,,,,,
61,1.0,1.0,0.06349206349206349,63,4.0,,,,13106131004008,1.5873015873015872,,1.5873015873015872,0.01,,0.01
52,,1.0,0.05660377358490566,53,3.0,,,,13106111001017,,,1.8867924528301887,,,0.01
72,6.0,,0.125,80,10.0,2.0,,,13106131004009,7.5,2.5,,0.06,0.02,
47,,,0.041666666666666664,48,2.0,1.0,,,13106111001016,,2.0833333333333335,,,0.01,
294,7.0,17.0,0.2324159021406728,327,76.0,9.0,,,13106111004012,2.140672782874618,2.7522935779816513,5.198776758409786,0.07,0.09,0.17
45,,5.0,0.3,50,15.0,,,,13106111003014,,,10.0,,,0.05
112,5.0,7.0,0.3053435114503817,131,40.0,7.0,,,13106111004013,3.816793893129771,5.343511450381679,5.343511450381679,0.05,0.07,0.07
116,,10.0,0.265625,128,34.0,2.0,,,13106111004015,,1.5625,7.8125,,0.02,0.1
162,5.0,48.0,0.7227272727272728,220,159.0,5.0,,,13106111004016,2.272727272727273,2.272727272727273,21.818181818181817,0.05,0.05,0.48
112,,2.0,0.08620689655172414,116,10.0,2.0,,,13106111003015,,1.7241379310344827,1.7241379310344827,,0.02,0.02
127,5.0,7.0,0.2827586206896552,145,41.0,5.0,1.0,,13106111004019,3.4722222222222223,3.4722222222222223,4.861111111111111,0.05,0.05,0.07
349,,16.0,0.13150684931506848,365,48.0,,,,13106131001001,,,4.383561643835616,,,0.16
193,,1.0,0.075,200,15.0,6.0,,,13106111003016,,3.0,0.5,,0.06,0.01
510,3.0,7.0,0.1323529411764706,544,72.0,24.0,,,13106131002008,0.5514705882352942,4.411764705882353,1.286764705882353,0.03,0.24,0.07
23,,,0.16,25,4.0,2.0,,,13106131001003,,8.0,,,0.02,
84,,1.0,0.14444444444444443,90,13.0,5.0,,,13106111003017,,5.555555555555555,1.1111111111111112,,0.05,0.01
28,,1.0,0.10344827586206896,29,3.0,,,,13106131001007,,,3.4482758620689653,,,0.01
137,,4.0,0.125,144,18.0,3.0,,,13106111002006,,2.0833333333333335,2.7777777777777777,,0.03,0.04
23,,,0.08333333333333333,24,2.0,1.0,,,13106131001004,,4.166666666666667,,,0.01,
140,4.0,2.0,0.3793103448275862,174,66.0,28.0,,,13106101005003,2.2988505747126435,16.091954022988507,1.1494252873563218,0.04,0.28,0.02
45,2.0,7.0,0.42592592592592593,54,23.0,,,,13106111002005,3.7037037037037037,,12.962962962962964,0.02,,0.07
190,,,0.0,190,0.0,,,,13106131002007,,,,,,
31,,4.0,0.3888888888888889,36,14.0,1.0,,,13106111002002,,2.7777777777777777,11.11111111111111,,0.01,0.04
92,,,0.06315789473684211,95,6.0,3.0,,,13106131001006,,3.1578947368421053,,,0.03,
131,3.0,3.0,0.11510791366906475,139,16.0,2.0,,,13106111003020,2.158273381294964,1.4388489208633093,2.158273381294964,0.03,0.02,0.03
78,1.0,1.0,0.0975609756097561,82,8.0,2.0,,,13106131001005,1.2195121951219512,2.4390243902439024,1.2195121951219512,0.01,0.02,0.01
152,,9.0,0.21212121212121213,165,35.0,4.0,,,13106101005002,,2.4242424242424243,5.454545454545454,,0.04,0.09
47,,,0.22641509433962265,53,12.0,6.0,,,13106131002006,,11.320754716981131,,,0.06,
201,2.0,9.0,0.18807339449541285,218,41.0,6.0,,,13106131002005,0.9174311926605505,2.7522935779816513,4.128440366972477,0.02,0.06,0.09
172,,4.0,0.21052631578947367,190,40.0,14.0,,,13106111003019,,7.368421052631579,2.1052631578947367,,0.14,0.04
31,1.0,,0.09090909090909091,33,3.0,1.0,,,13106111002004,3.0303030303030303,3.0303030303030303,,0.01,0.01,
31,,,0.0625,32,2.0,1.0,,,13106111002003,,3.125,,,0.01,
144,4.0,13.0,0.32934131736526945,167,55.0,6.0,,,13106101005001,2.395209580838323,3.592814371257485,7.7844311377245505,0.04,0.06,0.13
84,,,0.06896551724137931,87,6.0,3.0,,,13106111003018,,3.4482758620689653,,,0.03,
164,6.0,5.0,0.15168539325842698,178,27.0,3.0,,,13106131002004,3.3707865168539324,1.6853932584269662,2.808988764044944,0.06,0.03,0.05
129,4.0,6.0,0.29333333333333333,150,44.0,11.0,,,13106111002007,2.6666666666666665,7.333333333333333,4.0,0.04,0.11,0.06
119,,26.0,0.5675675675675675,148,84.0,3.0,,,13106101002014,,2.027027027027027,17.56756756756757,,0.03,0.26
176,2.0,2.0,0.15706806282722513,191,30.0,11.0,,,13106131002003,1.0471204188481675,5.7591623036649215,1.0471204188481675,0.02,0.11,0.02
137,1.0,21.0,0.4506172839506173,162,73.0,2.0,1.0,,13106101005005,0.6211180124223602,1.2422360248447204,13.043478260869565,0.01,0.02,0.21
48,2.0,,0.41935483870967744,62,26.0,12.0,,,13106111003021,3.225806451612903,19.35483870967742,,0.02,0.12,
375,13.0,34.0,0.42548596112311016,463,197.0,41.0,,,13106101002007,2.8077753779697625,8.855291576673865,7.34341252699784,0.13,0.41000000000000003,0.34
125,4.0,15.0,0.3741496598639456,147,55.0,3.0,,,13106111003022,2.7210884353741496,2.0408163265306123,10.204081632653061,0.04,0.03,0.15
124,4.0,8.0,0.475,160,76.0,24.0,,,13106101005006,2.5,15.0,5.0,0.04,0.24,0.08
99,,2.0,0.11538461538461539,104,12.0,3.0,,,13106111002010,,2.8846153846153846,1.9230769230769231,,0.03,0.02
83,4.0,,0.06818181818181818,88,6.0,1.0,,,13106111003023,4.545454545454546,1.1363636363636365,,0.04,0.01,
233,1.0,14.0,0.18072289156626506,249,45.0,1.0,,,13106131002009,0.40160642570281124,0.40160642570281124,5.622489959839357,0.01,0.01,0.14
147,3.0,7.0,0.1875,160,30.0,3.0,,,13106101005007,1.875,1.875,4.375,0.03,0.03,0.07
167,,22.0,0.36649214659685864,191,70.0,2.0,,,13106131002001,,1.0471204188481675,11.518324607329843,,0.02,0.22
99,9.0,,0.13513513513513514,111,15.0,3.0,,,13106111002008,8.108108108108109,2.7027027027027026,,0.09,0.03,
144,3.0,7.0,0.225,160,36.0,6.0,,,13106101002013,1.875,3.75,4.375,0.03,0.06,0.07
234,2.0,1.0,0.11646586345381527,249,29.0,12.0,,,13106131002010,0.8032128514056225,4.819277108433735,0.40160642570281124,0.02,0.12,0.01
187,,12.0,0.18090452261306533,199,36.0,,,,13106101003005,,,6.030150753768845,,,0.12
229,,,0.0,229,0.0,,,,13106131003028,,,,,,
353,2.0,12.0,0.15384615384615385,377,58.0,10.0,,,13106131002011,0.5305039787798409,2.6525198938992043,3.183023872679045,0.02,0.1,0.12
35,,2.0,0.34146341463414637,41,14.0,4.0,,,13106101002012,,9.75609756097561,4.878048780487805,,0.04,0.02
111,,1.0,0.15833333333333333,120,19.0,8.0,,,13106111002009,,6.666666666666667,0.8333333333333334,,0.08,0.01
38,,1.0,0.07692307692307693,39,3.0,,,,13106101002011,,,2.5641025641025643,,,0.01
221,24.0,7.0,0.4883720930232558,301,147.0,47.0,,2.0,13106101003003,8.02675585284281,15.719063545150501,2.3411371237458196,0.24,0.47000000000000003,0.07
40,,,0.0,40,0.0,,,,13106101002010,,,,,,
123,,26.0,0.5333333333333333,150,80.0,1.0,,,13106101002005,,0.6666666666666666,17.333333333333332,,0.01,0.26
48,,1.0,0.061224489795918366,49,3.0,,,,13106131002012,,,2.0408163265306123,,,0.01
38,,2.0,0.15,40,6.0,,,,13106101002009,,,5.0,,,0.02
109,2.0,1.0,0.09565217391304348,115,11.0,3.0,,,13106131002015,1.7391304347826086,2.608695652173913,0.8695652173913043,0.02,0.03,0.01
324,27.0,5.0,0.15426997245179064,363,56.0,7.0,,,13106131003014,7.43801652892562,1.9283746556473829,1.3774104683195592,0.27,0.07,0.05
176,8.0,11.0,0.3459715639810427,211,73.0,16.0,,,13106101002006,3.7914691943127963,7.5829383886255926,5.213270142180095,0.08,0.16,0.11
154,,1.0,0.01935483870967742,155,3.0,,,,13106131002016,,,0.6451612903225806,,,0.01
49,,,0.0,49,0.0,,,,13106101003004,,,,,,
157,5.0,6.0,0.4271356783919598,199,85.0,31.0,,,13106101003002,2.512562814070352,15.577889447236181,3.0150753768844223,0.05,0.31,0.06
95,,,0.13725490196078433,102,14.0,7.0,,,13106101002003,,6.862745098039215,,,0.07,
222,12.0,40.0,0.5454545454545454,286,156.0,12.0,,,13106101003001,4.195804195804196,4.195804195804196,13.986013986013987,0.12,0.12,0.4
197,3.0,78.0,0.872791519434629,283,247.0,5.0,,,13106101003007,1.0600706713780919,1.7667844522968197,27.56183745583039,0.03,0.05,0.78
209,,4.0,0.09216589861751152,217,20.0,4.0,,,13106131003027,,1.8433179723502304,1.8433179723502304,,0.04,0.04
66,,,0.0,66,0.0,,,,13106101002002,,,,,,
171,9.0,1.0,0.11827956989247312,186,22.0,5.0,,,13106131002013,4.838709677419355,2.6881720430107525,0.5376344086021505,0.09,0.05,0.01
168,2.0,3.0,0.14917127071823205,181,27.0,8.0,,,13106131003013,1.1049723756906078,4.419889502762431,1.6574585635359116,0.02,0.08,0.03
136,3.0,4.0,0.3475609756097561,164,57.0,21.0,,,13106101003006,1.829268292682927,12.804878048780488,2.4390243902439024,0.03,0.21,0.04
255,9.0,13.0,0.24305555555555555,288,70.0,11.0,,,13106101004007,3.125,3.8194444444444446,4.513888888888889,0.09,0.11,0.13
4380,532.0,915.0,0.6341105494863851,6133,3889.0,306.0,,,13106081001001,8.67438447741725,4.98940159791293,14.919289091798467,5.32,3.06,9.15
204,,,0.0,204,0.0,,,,13106101002001,,,,,,
50,1.0,1.0,0.11320754716981132,53,6.0,1.0,,,13106131002017,1.8867924528301887,1.8867924528301887,1.8867924528301887,0.01,0.01,0.01
35,5.0,,0.125,40,5.0,,,,13106131002019,12.5,,,0.05,,
39,4.0,,0.13636363636363635,44,6.0,1.0,,,13106131002020,9.090909090909092,2.272727272727273,,0.04,0.01,
885,52.0,36.0,0.22111553784860558,1004,222.0,31.0,,,13106101004502,5.179282868525896,3.087649402390438,3.585657370517928,0.52,0.31,0.36
45,1.0,16.0,0.8095238095238095,63,51.0,1.0,,,13106131002021,1.5873015873015872,1.5873015873015872,25.396825396825395,0.01,0.01,0.16
161,2.0,48.0,0.7162790697674418,215,154.0,4.0,,,13106101003008,0.9302325581395349,1.8604651162790697,22.325581395348838,0.02,0.04,0.48
286,12.0,9.0,0.1974921630094044,319,63.0,12.0,,,13106131003006,3.761755485893417,3.761755485893417,2.8213166144200628,0.12,0.12,0.09
139,2.0,18.0,0.37267080745341613,161,60.0,2.0,,,13106101003009,1.2422360248447204,1.2422360248447204,11.180124223602485,0.02,0.02,0.18
452,18.0,78.0,0.48201438848920863,556,268.0,8.0,,,13106081005001,3.237410071942446,1.4388489208633093,14.028776978417266,0.18,0.08,0.78
121,1.0,10.0,0.2740740740740741,135,37.0,3.0,,,13106101003010,0.7407407407407407,2.2222222222222223,7.407407407407407,0.01,0.03,0.1
278,9.0,8.0,0.13087248322147652,298,39.0,3.0,,,13106131003005,3.0201342281879193,1.0067114093959733,2.684563758389262,0.09,0.03,0.08
33,1.0,2.0,0.2894736842105263,38,11.0,2.0,,,13106101004008,2.6315789473684212,5.2631578947368425,5.2631578947368425,0.01,0.02,0.02
167,3.0,11.0,0.24731182795698925,186,46.0,5.0,,,13106101003018,1.6129032258064515,2.6881720430107525,5.913978494623656,0.03,0.05,0.11
61,,2.0,0.208955223880597,67,14.0,4.0,,,13106131003026,,5.970149253731344,2.985074626865672,,0.04,0.02
45,,,0.0,45,0.0,,,,13106131003015,,,,,,
36,,,0.0,36,0.0,,,,13106131003016,,,,,,
32,,,0.0,32,0.0,,,,13106131003017,,,,,,
104,4.0,14.0,0.5441176470588235,136,74.0,14.0,,,13106101003011,2.9411764705882355,10.294117647058824,10.294117647058824,0.04,0.14,0.14
44,5.0,,0.24528301886792453,53,13.0,4.0,,,13106101004009,9.433962264150944,7.547169811320755,,0.05,0.04,
34,2.0,,0.05555555555555555,36,2.0,,,,13106131003018,5.555555555555555,,,0.02,,
29,1.0,,0.0967741935483871,31,3.0,1.0,,,13106131003011,3.225806451612903,3.225806451612903,,0.01,0.01,
36,,,0.10526315789473684,38,4.0,2.0,,,13106131003010,,5.2631578947368425,,,0.02,
288,2.0,52.0,0.5348189415041783,359,192.0,17.0,,,13106101003015,0.5571030640668524,4.735376044568246,14.484679665738161,0.02,0.17,0.52
103,7.0,10.0,0.3360655737704918,122,41.0,2.0,,,13106101004500,5.737704918032787,1.639344262295082,8.19672131147541,0.07,0.02,0.1
57,,2.0,0.1016949152542373,59,6.0,,,,13106031001017,,,3.389830508474576,,,0.02
42,1.0,2.0,0.2708333333333333,48,13.0,3.0,,,13106141002053,2.0833333333333335,6.25,4.166666666666667,0.01,0.03,0.02
41,7.0,,0.32075471698113206,53,17.0,5.0,,,13106031001015,13.20754716981132,9.433962264150944,,0.07,0.05,
28,,1.0,0.16666666666666666,30,5.0,1.0,,,13106031001016,,3.3333333333333335,3.3333333333333335,,0.01,0.01
22,12.0,,0.782608695652174,46,36.0,12.0,,,13106061001007,26.08695652173913,26.08695652173913,,0.12,0.12,
10,2.0,,0.16666666666666666,12,2.0,,,,13106061001004,16.666666666666668,,,0.02,,
8,,,0.2222222222222222,9,2.0,1.0,,,13106061001005,,11.11111111111111,,,0.01,
11,,,0.0,11,0.0,,,,13106061001017,,,,,,
9,,,0.2,10,2.0,1.0,,,13106061001014,,10.0,,,0.01,
4,2.0,1.0,1.3571428571428572,14,19.0,7.0,,,13106061001003,14.285714285714286,50.0,7.142857142857143,0.02,0.07,0.01
18,5.0,,1.0465116279069768,43,45.0,20.0,,,13106061001008,11.627906976744185,46.51162790697674,,0.05,0.2,
7,,1.0,0.9166666666666666,12,11.0,4.0,,,13106061001001,,33.333333333333336,8.333333333333334,,0.04,0.01
9,1.0,,0.1,10,1.0,,,,13106061001011,10.0,,,0.01,,
7,1.0,,0.75,12,9.0,4.0,,,13106061001012,8.333333333333334,33.333333333333336,,0.01,0.04,
5,2.0,,0.6666666666666666,9,6.0,2.0,,,13106061001009,22.22222222222222,22.22222222222222,,0.02,0.02,
10,,,0.18181818181818182,11,2.0,1.0,,,13106061001016,,9.090909090909092,,,0.01,
3,,,1.3333333333333333,9,12.0,6.0,,,13106061001015,,66.66666666666667,,,0.06,
13,,,0.0,13,0.0,,,,13106061001013,,,,,,
41,,,0.0,41,0.0,,,,13106071002030,,,,,,
16,,,0.0,16,0.0,,,,13106071002032,,,,,,
5,,1.0,0.5,6,3.0,,,,13106071002023,,,16.666666666666668,,,0.01
1990,67.0,96.0,0.24944616747895437,2257,563.0,104.0,,,13106081002001,2.968542312804608,4.60788657509969,4.253433761630483,0.67,1.04,0.96
94,2.0,3.0,0.1111111111111111,99,11.0,,,,13106081006004,2.0202020202020203,,3.0303030303030303,0.02,,0.03
36,,1.0,0.08108108108108109,37,3.0,,,,13106111001001,,,2.7027027027027026,,,0.01
32,,3.0,0.2571428571428571,35,9.0,,,,13106111001011,,,8.571428571428571,,,0.03
36,,1.0,0.08108108108108109,37,3.0,,,,13106111001012,,,2.7027027027027026,,,0.01
27,2.0,,0.06896551724137931,29,2.0,,,,13106111001013,6.896551724137931,,,0.02,,
28,,,0.0,28,0.0,,,,13106111001014,,,,,,
51,,1.0,0.057692307692307696,52,3.0,,,,13106111002001,,,1.9230769230769231,,,0.01
334,1.0,68.0,0.5233415233415234,407,213.0,4.0,,,13106111002011,0.2457002457002457,0.9828009828009828,16.707616707616708,0.01,0.04,0.68
267,11.0,4.0,0.10175438596491228,285,29.0,3.0,,,13106091002030,3.8596491228070176,1.0526315789473684,1.4035087719298245,0.11,0.03,0.04
4565,315.0,102.0,0.18828776420399457,5157,971.0,175.0,,,13106071003054,6.108202443280978,3.3934458018227653,1.9778941244909831,3.15,1.75,1.02
10,,,0.0,10,0.0,,,,13106031002006,,,,,,
277,10.0,43.0,0.6537467700258398,387,253.0,57.0,,,13106051002501,2.5839793281653747,14.728682170542635,11.11111111111111,0.1,0.5700000000000001,0.43
33,4.0,2.0,0.2564102564102564,39,10.0,,,,13106071003500,10.256410256410257,,5.128205128205129,0.04,,0.02
55,1.0,6.0,0.3064516129032258,62,19.0,,,,13106121001501,1.6129032258064515,,9.67741935483871,0.01,,0.06
34,,10.0,0.6818181818181818,44,30.0,,,,13106121001502,,,22.727272727272727,,,0.1
20,,3.0,0.391304347826087,23,9.0,,,,13106121001503,,,13.043478260869565,,,0.03
91,1.0,27.0,0.7107438016528925,121,86.0,2.0,,,13106121001504,0.8264462809917356,1.6528925619834711,22.31404958677686,0.01,0.02,0.27
45,6.0,11.0,0.6290322580645161,62,39.0,,,,13106121001505,9.67741935483871,,17.741935483870968,0.06,,0.11
66,6.0,11.0,0.46987951807228917,83,39.0,,,,13106121001506,7.228915662650603,,13.25301204819277,0.06,,0.11
37,3.0,,0.075,40,3.0,,,,13106121001507,7.5,,,0.03,,
63,2.0,26.0,0.8791208791208791,91,80.0,,,,13106121001508,2.197802197802198,,28.571428571428573,0.02,,0.26
39,4.0,5.0,0.49019607843137253,51,25.0,3.0,,,13106121001509,7.8431372549019605,5.882352941176471,9.803921568627452,0.04,0.03,0.05
321,14.0,42.0,0.4296675191815857,391,168.0,14.0,,,13106121001500,3.580562659846547,3.580562659846547,10.741687979539641,0.14,0.14,0.42
49,,27.0,1.0657894736842106,76,81.0,,,,13106121001510,,,35.526315789473685,,,0.27
74,8.0,9.0,0.40217391304347827,92,37.0,1.0,,,13106121001511,8.695652173913043,1.0869565217391304,9.782608695652174,0.08,0.01,0.09
36,4.0,,0.14634146341463414,41,6.0,1.0,,,13106121001512,9.75609756097561,2.4390243902439024,,0.04,0.01,
47,4.0,11.0,0.5967741935483871,62,37.0,,,,13106121001513,6.451612903225806,,17.741935483870968,0.04,,0.11
36,,25.0,1.2295081967213115,61,75.0,,,,13106121001516,,,40.98360655737705,,,0.25
31,,16.0,1.0212765957446808,47,48.0,,,,13106121001514,,,34.04255319148936,,,0.16
26,,9.0,0.7714285714285715,35,27.0,,,,13106121001515,,,25.714285714285715,,,0.09
99,14.0,22.0,0.5925925925925926,135,80.0,,,,13106121001517,10.37037037037037,,16.296296296296298,0.14,,0.22
58,3.0,4.0,0.25757575757575757,66,17.0,1.0,,,13106121001520,4.545454545454546,1.5151515151515151,6.0606060606060606,0.03,0.01,0.04
36,,1.0,0.08108108108108109,37,3.0,,,,13106121001519,,,2.7027027027027026,,,0.01
51,7.0,3.0,0.26229508196721313,61,16.0,,,,13106121001518,11.475409836065573,,4.918032786885246,0.07,,0.03
49,2.0,2.0,0.1509433962264151,53,8.0,,,,13106121001521,3.7735849056603774,,3.7735849056603774,0.02,,0.02
70,7.0,19.0,0.6666666666666666,96,64.0,,,,13106121001522,7.291666666666667,,19.791666666666668,0.07,,0.19
48,2.0,9.0,0.4915254237288136,59,29.0,,,,13106121001523,3.389830508474576,,15.254237288135593,0.02,,0.09
11,1.0,1.0,0.3076923076923077,13,4.0,,,,13106121001525,7.6923076923076925,,7.6923076923076925,0.01,,0.01
86,,12.0,0.3673469387755102,98,36.0,,,,13106121001524,,,12.244897959183673,,,0.12
54,3.0,,0.11864406779661017,59,7.0,2.0,,,13106121002501,5.084745762711864,3.389830508474576,,0.03,0.02,
87,7.0,5.0,0.25742574257425743,101,26.0,2.0,,,13106121002507,6.930693069306931,1.9801980198019802,4.9504950495049505,0.07,0.02,0.05
32,,1.0,0.2,35,7.0,2.0,,,13106121002502,,5.714285714285714,2.857142857142857,,0.02,0.01
51,11.0,4.0,0.3484848484848485,66,23.0,,,,13106121002503,16.666666666666668,,6.0606060606060606,0.11,,0.04
35,5.0,2.0,0.3409090909090909,44,15.0,2.0,,,13106121002504,11.363636363636363,4.545454545454546,4.545454545454546,0.05,0.02,0.02
74,4.0,7.0,0.4574468085106383,94,43.0,9.0,,,13106121002506,4.25531914893617,9.574468085106384,7.446808510638298,0.04,0.09,0.07
46,9.0,2.0,0.2631578947368421,57,15.0,,,,13106121002505,15.789473684210526,,3.508771929824561,0.09,,0.02
59,6.0,6.0,0.3380281690140845,71,24.0,,,,13106121002513,8.450704225352112,,8.450704225352112,0.06,,0.06
44,8.0,3.0,0.3090909090909091,55,17.0,,,,13106121002511,14.545454545454545,,5.454545454545454,0.08,,0.03
97,15.0,15.0,0.5190839694656488,131,68.0,4.0,,,13106121002510,11.450381679389313,3.053435114503817,11.450381679389313,0.15,0.04,0.15
58,,1.0,0.05084745762711865,59,3.0,,,,13106121002509,,,1.694915254237288,,,0.01
113,13.0,9.0,0.2962962962962963,135,40.0,,,,13106121002515,9.62962962962963,,6.666666666666667,0.13,,0.09
326,6.0,4.0,0.07079646017699115,339,24.0,3.0,,,13106021001901,1.7699115044247788,0.8849557522123894,1.1799410029498525,0.06,0.03,0.04
5848,189.0,218.0,0.21769019248395968,6546,1425.0,291.0,,,13106021002901,2.8872593950504126,4.445462878093492,3.33027803238619,1.8900000000000001,2.91,2.18
149,2.0,23.0,0.40804597701149425,174,71.0,,,,13106031001901,1.1494252873563218,,13.218390804597702,0.02,,0.23
208,2.0,4.0,0.07441860465116279,215,16.0,1.0,,,13106031002901,0.9302325581395349,0.46511627906976744,1.8604651162790697,0.02,0.01,0.04
415,13.0,13.0,0.13901345291479822,446,62.0,5.0,,,13106041002901,2.914798206278027,1.1210762331838564,2.914798206278027,0.13,0.05,0.13
89,12.0,4.0,0.29357798165137616,109,32.0,4.0,,,13106051002901,11.009174311926605,3.669724770642202,3.669724770642202,0.12,0.04,0.04
228,56.0,38.0,0.5460122699386503,326,178.0,4.0,,,13106061001901,17.177914110429448,1.2269938650306749,11.656441717791411,0.56,0.04,0.38
80,2.0,2.0,0.2222222222222222,90,20.0,6.0,,,13106061002901,2.2222222222222223,6.666666666666667,2.2222222222222223,0.02,0.06,0.02
134,5.0,10.0,0.24666666666666667,150,37.0,1.0,,,13106071002901,3.3333333333333335,0.6666666666666666,6.666666666666667,0.05,0.01,0.1
256,20.0,23.0,0.33114754098360655,305,101.0,6.0,,,13106071003901,6.557377049180328,1.9672131147540983,7.540983606557377,0.2,0.06,0.23
797,50.0,68.0,0.34973821989528797,955,334.0,40.0,,,13106081003901,5.2356020942408374,4.18848167539267,7.12041884816754,0.5,0.4,0.68
354,117.0,26.0,0.552536231884058,552,305.0,55.0,,,13106081004901,21.195652173913043,9.96376811594203,4.7101449275362315,1.17,0.55,0.26
234,26.0,19.0,0.3096085409252669,281,87.0,2.0,,,13106091001901,9.252669039145907,0.7117437722419929,6.761565836298932,0.26,0.02,0.19
34,15.0,,0.46296296296296297,54,25.0,5.0,,,13106101001901,27.77777777777778,9.25925925925926,,0.15,0.05,
217,2.0,23.0,0.32113821138211385,246,79.0,4.0,,,13106101002901,0.8130081300813008,1.6260162601626016,9.34959349593496,0.02,0.04,0.23
82,6.0,3.0,0.4954954954954955,111,55.0,20.0,,,13106101004901,5.405405405405405,18.01801801801802,2.7027027027027026,0.06,0.2,0.03
244,28.0,12.0,0.32,300,96.0,16.0,,,13106111003901,9.333333333333334,5.333333333333333,4.0,0.28,0.16,0.12
281,10.0,51.0,0.5240793201133145,353,185.0,11.0,,,13106121002901,2.8328611898016995,3.1161473087818696,14.44759206798867,0.1,0.11,0.51
105,3.0,3.0,0.125,112,14.0,1.0,,,13106131001901,2.6785714285714284,0.8928571428571429,2.6785714285714284,0.03,0.01,0.03
101,1.0,,0.02912621359223301,103,3.0,1.0,,,13106131002901,0.970873786407767,0.970873786407767,,0.01,0.01,
110,20.0,,0.24817518248175183,137,34.0,7.0,,,13106141001901,14.598540145985401,5.109489051094891,,0.2,0.07,
250,17.0,10.0,0.2636986301369863,292,77.0,15.0,,,13106141002901,5.821917808219178,5.136986301369863,3.4246575342465753,0.17,0.15,0.1
96,4.0,4.0,0.17142857142857143,105,18.0,1.0,,,13106071001027,3.8095238095238093,0.9523809523809523,3.8095238095238093,0.04,0.01,0.04
194,13.0,1.0,0.09523809523809523,210,20.0,2.0,,,13106071001030,6.190476190476191,0.9523809523809523,0.47619047619047616,0.13,0.02,0.01
43,8.0,,0.3508771929824561,57,20.0,6.0,,,13106071001006,14.035087719298245,10.526315789473685,,0.08,0.06,
47,3.0,,0.06,50,3.0,,,,13106081003021,6.0,,,0.03,,
51,1.0,,0.019230769230769232,52,1.0,,,,13106081004002,1.9230769230769231,,,0.01,,
77,2.0,,0.14285714285714285,84,12.0,5.0,,,13106041002003,2.380952380952381,5.9523809523809526,,0.02,0.05,
649,28.0,44.0,0.24623803009575923,731,180.0,10.0,,,13106081003035,3.830369357045144,1.3679890560875514,6.019151846785226,0.28,0.1,0.44
68,4.0,1.0,0.14666666666666667,75,11.0,2.0,,,13106041002005,5.333333333333333,2.6666666666666665,1.3333333333333333,0.04,0.02,0.01
76,,,0.05128205128205128,78,4.0,2.0,,,13106041002006,,2.5641025641025643,,,0.02,
31,,2.0,0.18181818181818182,33,6.0,,,,13106041001012,,,6.0606060606060606,,,0.02
37,6.0,1.0,0.24444444444444444,45,11.0,1.0,,,13106081003033,13.333333333333334,2.2222222222222223,2.2222222222222223,0.06,0.01,0.01
217,14.0,11.0,0.20164609053497942,243,49.0,1.0,,,13106041001013,5.761316872427984,0.411522633744856,4.526748971193416,0.14,0.01,0.11
61,2.0,,0.031746031746031744,63,2.0,,,,13106081003011,3.1746031746031744,,,0.02,,
83,,,0.09195402298850575,87,8.0,4.0,,,13106041001031,,4.597701149425287,,,0.04,
78,3.0,,0.08433734939759036,83,7.0,2.0,,,13106041001030,3.6144578313253013,2.4096385542168677,,0.03,0.02,
83,,1.0,0.058823529411764705,85,5.0,1.0,,,13106041001029,,1.1764705882352942,1.1764705882352942,,0.01,0.01
263,22.0,16.0,0.2783171521035599,309,86.0,8.0,,,13106071001032,7.119741100323624,2.588996763754045,5.17799352750809,0.22,0.08,0.16
81,,,0.0,81,0.0,,,,13106041001028,,,,,,
80,,1.0,0.037037037037037035,81,3.0,,,,13106041001027,,,1.2345679012345678,,,0.01
64,3.0,,0.2054794520547945,73,15.0,6.0,,,13106081003036,4.109589041095891,8.219178082191782,,0.03,0.06,
84,,,0.0,84,0.0,,,,13106041001026,,,,,,
55,4.0,,0.16129032258064516,62,10.0,3.0,,,13106041002007,6.451612903225806,4.838709677419355,,0.04,0.03,
82,1.0,,0.012048192771084338,83,1.0,,,,13106041001025,1.2048192771084338,,,0.01,,
109,6.0,2.0,0.18032786885245902,122,22.0,5.0,,,13106081003014,4.918032786885246,4.098360655737705,1.639344262295082,0.06,0.05,0.02
457,24.0,4.0,0.10547667342799188,493,52.0,8.0,,,13106061002044,4.8681541582150105,1.6227180527383367,0.8113590263691683,0.24,0.08,0.04
34,2.0,,0.15789473684210525,38,6.0,2.0,,,13106041001024,5.2631578947368425,5.2631578947368425,,0.02,0.02,
74,4.0,,0.12345679012345678,81,10.0,3.0,,,13106061002045,4.938271604938271,3.7037037037037037,,0.04,0.03,
56,4.0,1.0,0.23076923076923078,65,15.0,4.0,,,13106061002046,6.153846153846154,6.153846153846154,1.5384615384615385,0.04,0.04,0.01
70,,1.0,0.06944444444444445,72,5.0,1.0,,,13106061002047,,1.3888888888888888,1.3888888888888888,,0.01,0.01
48,4.0,,0.14814814814814814,54,8.0,2.0,,,13106081004003,7.407407407407407,3.7037037037037037,,0.04,0.02,
94,6.0,1.0,0.0891089108910891,101,9.0,,,,13106141001009,5.9405940594059405,,0.9900990099009901,0.06,,0.01
476,29.0,12.0,0.16477272727272727,528,87.0,11.0,,,13106071002033,5.492424242424242,2.0833333333333335,2.272727272727273,0.29,0.11,0.12
133,1.0,,0.022222222222222223,135,3.0,1.0,,,13106081003017,0.7407407407407407,0.7407407407407407,,0.01,0.01,
63,,7.0,0.3,70,21.0,,,,13106071002034,,,10.0,,,0.07
65,,,0.0,65,0.0,,,,13106081003012,,,,,,
36,3.0,2.0,0.3409090909090909,44,15.0,3.0,,,13106081003032,6.818181818181818,6.818181818181818,4.545454545454546,0.03,0.03,0.02
71,,4.0,0.16,75,12.0,,,,13106081003037,,,5.333333333333333,,,0.04
620,61.0,20.0,0.26422764227642276,738,195.0,37.0,,,13106061003001,8.265582655826558,5.013550135501355,2.710027100271003,0.61,0.37,0.2
38,,,0.0,38,0.0,,,,13106041002008,,,,,,
95,7.0,3.0,0.16981132075471697,106,18.0,1.0,,,13106081004001,6.60377358490566,0.9433962264150944,2.830188679245283,0.07,0.01,0.03
181,,7.0,0.13157894736842105,190,25.0,2.0,,,13106081003018,,1.0526315789473684,3.6842105263157894,,0.02,0.07
69,7.0,,0.09210526315789473,76,7.0,,,,13106071001028,9.210526315789474,,,0.07,,
115,6.0,,0.08130081300813008,123,10.0,2.0,,,13106071001029,4.878048780487805,1.6260162601626016,,0.06,0.02,
32,4.0,,0.2564102564102564,39,10.0,3.0,,,13106081003039,10.256410256410257,7.6923076923076925,,0.04,0.03,
29,,,0.0,29,0.0,,,,13106081004006,,,,,,
97,4.0,6.0,0.2545454545454545,110,28.0,3.0,,,13106061003005,3.6363636363636362,2.727272727272727,5.454545454545454,0.04,0.03,0.06
67,11.0,6.0,0.42045454545454547,88,37.0,4.0,,,13106081003500,12.5,4.545454545454546,6.818181818181818,0.11,0.04,0.06
72,2.0,3.0,0.27710843373493976,83,23.0,6.0,,,13106081003013,2.4096385542168677,7.228915662650603,3.6144578313253013,0.02,0.06,0.03
48,9.0,4.0,0.3442622950819672,61,21.0,,,,13106081003031,14.754098360655737,,6.557377049180328,0.09,,0.04
32,,1.0,0.09090909090909091,33,3.0,,,,13106081004007,,,3.0303030303030303,,,0.01
33,2.0,,0.16216216216216217,37,6.0,2.0,,,13106071001031,5.405405405405405,5.405405405405405,,0.02,0.02,
58,2.0,8.0,0.38235294117647056,68,26.0,,,,13106081003038,2.9411764705882355,,11.764705882352942,0.02,,0.08
32,,,0.0,32,0.0,,,,13106081004005,,,,,,
37,2.0,,0.1,40,4.0,1.0,,,13106081004027,5.0,2.5,,0.02,0.01,
44,,,0.0,44,0.0,,,,13106081004012,,,,,,
39,6.0,,0.17391304347826086,46,8.0,1.0,,,13106081004026,13.043478260869565,2.1739130434782608,,0.06,0.01,
33,,1.0,0.08823529411764706,34,3.0,,,,13106081004010,,,2.9411764705882355,,,0.01
39,,,0.0,39,0.0,,,,13106141001002,,,,,,
82,,,0.0,82,0.0,,,,13106041002015,,,,,,
78,,,0.05,80,4.0,2.0,,,13106041002013,,2.5,,,0.02,
48,2.0,,0.0784313725490196,51,4.0,1.0,,,13106081004008,3.9215686274509802,1.9607843137254901,,0.02,0.01,
62,,,0.0,62,0.0,,,,13106061003006,,,,,,
75,,,0.125,80,10.0,5.0,,,13106041002012,,6.25,,,0.05,
79,1.0,,0.0125,80,1.0,,,,13106041002011,1.25,,,0.01,,
248,4.0,11.0,0.14772727272727273,264,39.0,1.0,,,13106071002001,1.5151515151515151,0.3787878787878788,4.166666666666667,0.04,0.01,0.11
48,2.0,,0.11538461538461539,52,6.0,2.0,,,13106061003007,3.8461538461538463,3.8461538461538463,,0.02,0.02,
83,,1.0,0.14606741573033707,89,13.0,5.0,,,13106041002010,,5.617977528089888,1.1235955056179776,,0.05,0.01
38,,,0.1,40,4.0,2.0,,,13106041001032,,5.0,,,0.02,
39,,,0.05,40,2.0,1.0,,,13106081004015,,2.5,,,0.01,
50,2.0,,0.038461538461538464,52,2.0,,,,13106061003009,3.8461538461538463,,,0.02,,
59,1.0,,0.08064516129032258,62,5.0,2.0,,,13106041001033,1.6129032258064515,3.225806451612903,,0.01,0.02,
88,,,0.0,88,0.0,,,,13106041001034,,,,,,
33,1.0,1.0,0.11428571428571428,35,4.0,,,,13106081004004,2.857142857142857,,2.857142857142857,0.01,,0.01
75,2.0,,0.14634146341463414,82,12.0,5.0,,,13106041001035,2.4390243902439024,6.097560975609756,,0.02,0.05,
83,,2.0,0.07058823529411765,85,6.0,,,,13106041001036,,,2.3529411764705883,,,0.02
88,3.0,1.0,0.06521739130434782,92,6.0,,,,13106041001037,3.260869565217391,,1.0869565217391304,0.03,,0.01
87,3.0,,0.03333333333333333,90,3.0,,,,13106041001038,3.3333333333333335,,,0.03,,
263,6.0,6.0,0.1079136690647482,278,30.0,3.0,,,13106041001039,2.158273381294964,1.079136690647482,2.158273381294964,0.06,0.03,0.06
63,2.0,2.0,0.11940298507462686,67,8.0,,,,13106061003010,2.985074626865672,,2.985074626865672,0.02,,0.02
25,2.0,,0.07407407407407407,27,2.0,,,,13106081004025,7.407407407407407,,,0.02,,
89,,,0.0,89,0.0,,,,13106071002007,,,,,,
40,1.0,,0.2,45,9.0,4.0,,,13106081004028,2.2222222222222223,8.88888888888889,,0.01,0.04,
39,1.0,,0.025,40,1.0,,,,13106081004009,2.5,,,0.01,,
39,,,0.0,39,0.0,,,,13106141001003,,,,,,
54,7.0,,0.2835820895522388,67,19.0,6.0,,,13106061003011,10.447761194029852,8.955223880597014,,0.07,0.06,
47,1.0,,0.061224489795918366,49,3.0,1.0,,,13106081004013,2.0408163265306123,2.0408163265306123,,0.01,0.01,
40,2.0,,0.09302325581395349,43,4.0,1.0,,,13106081004016,4.651162790697675,2.3255813953488373,,0.02,0.01,
31,,,0.0,31,0.0,,,,13106061003012,,,,,,
40,1.0,,0.024390243902439025,41,1.0,,,,13106141001007,2.4390243902439024,,,0.01,,
85,6.0,,0.1276595744680851,94,12.0,3.0,,,13106071002008,6.382978723404255,3.1914893617021276,,0.06,0.03,
163,6.0,8.0,0.20994475138121546,181,38.0,4.0,,,13106141001010,3.314917127071823,2.2099447513812156,4.419889502762431,0.06,0.04,0.08
43,3.0,5.0,0.6,60,36.0,9.0,,,13106081003029,5.0,15.0,8.333333333333334,0.03,0.09,0.05
42,1.0,,0.15217391304347827,46,7.0,3.0,,,13106081004024,2.1739130434782608,6.521739130434782,,0.01,0.03,
115,7.0,3.0,0.14285714285714285,126,18.0,1.0,,,13106141001036,5.555555555555555,0.7936507936507936,2.380952380952381,0.07,0.01,0.03
51,,,0.0,51,0.0,,,,13106061003008,,,,,,
87,12.0,1.0,0.20388349514563106,103,21.0,3.0,,,13106071002009,11.650485436893204,2.912621359223301,0.970873786407767,0.12,0.03,0.01
90,,,0.0,90,0.0,,,,13106071002006,,,,,,
30,1.0,,0.03225806451612903,31,1.0,,,,13106081004014,3.225806451612903,,,0.01,,
42,7.0,,0.25,52,13.0,3.0,,,13106081004018,13.461538461538462,5.769230769230769,,0.07,0.03,
44,,,0.08695652173913043,46,4.0,2.0,,,13106041002025,,4.3478260869565215,,,0.02,
108,9.0,7.0,0.33587786259541985,131,44.0,7.0,,,13106021002016,6.870229007633588,5.343511450381679,5.343511450381679,0.09,0.07,0.07
38,,1.0,0.07692307692307693,39,3.0,,,,13106141001004,,,2.5641025641025643,,,0.01
24,2.0,,0.27586206896551724,29,8.0,3.0,,,13106081004023,6.896551724137931,10.344827586206897,,0.02,0.03,
27,,1.0,0.2903225806451613,31,9.0,3.0,,,13106081003025,,9.67741935483871,3.225806451612903,,0.03,0.01
261,8.0,4.0,0.1079136690647482,278,30.0,5.0,,,13106021002001,2.8776978417266186,1.7985611510791366,1.4388489208633093,0.08,0.05,0.04
28,,,0.0,28,0.0,,,,13106061003013,,,,,,
34,,,0.0,34,0.0,,,,13106071002031,,,,,,
362,12.0,1.0,0.12020460358056266,391,47.0,16.0,,,13106061003015,3.0690537084398977,4.092071611253197,0.2557544757033248,0.12,0.16,0.01
22,1.0,,0.2692307692307692,26,7.0,3.0,,,13106081004022,3.8461538461538463,11.538461538461538,,0.01,0.03,
36,4.0,4.0,0.56,50,28.0,6.0,,,13106141001031,8.0,12.0,8.0,0.04,0.06,0.04
19,1.0,1.0,0.19047619047619047,21,4.0,,,,13106081004017,4.761904761904762,,4.761904761904762,0.01,,0.01
1093,7.0,59.0,0.17294520547945205,1168,202.0,9.0,,,13106021001006,0.5993150684931506,0.7705479452054794,5.051369863013699,0.07,0.09,0.59
18,,,0.0,18,0.0,,,,13106041002026,,,,,,
35,,,0.10810810810810811,37,4.0,2.0,,,13106141001005,,5.405405405405405,,,0.02,
27,,1.0,0.4411764705882353,34,15.0,6.0,,,13106081004021,,17.647058823529413,2.9411764705882355,,0.06,0.01
34,2.0,2.0,0.21052631578947367,38,8.0,,,,13106081004029,5.2631578947368425,,5.2631578947368425,0.02,,0.02
135,9.0,3.0,0.17218543046357615,151,26.0,4.0,,,13106061003014,5.960264900662252,2.6490066225165565,1.9867549668874172,0.09,0.04,0.03
43,3.0,1.0,0.1276595744680851,47,6.0,,,,13106141001011,6.382978723404255,,2.127659574468085,0.03,,0.01
90,,4.0,0.1276595744680851,94,12.0,,,,13106141001006,,,4.25531914893617,,,0.04
27,,18.0,1.2,45,54.0,,,,13106071002010,,,40.0,,,0.18
16,2.0,,0.3,20,6.0,2.0,,,13106081003026,10.0,10.0,,0.02,0.02,
22,3.0,,0.25925925925925924,27,7.0,2.0,,,13106081004020,11.11111111111111,7.407407407407407,,0.03,0.02,
30,5.0,,0.4883720930232558,43,21.0,8.0,,,13106141001032,11.627906976744185,18.6046511627907,,0.05,0.08,
97,4.0,1.0,0.12380952380952381,105,13.0,3.0,,,13106071002013,3.8095238095238093,2.857142857142857,0.9523809523809523,0.04,0.03,0.01
41,8.0,1.0,0.2549019607843137,51,13.0,1.0,,,13106081003027,15.686274509803921,1.9607843137254901,1.9607843137254901,0.08,0.01,0.01
50,,1.0,0.058823529411764705,51,3.0,,,,13106081004034,,,1.9607843137254901,,,0.01
69,,1.0,0.04285714285714286,70,3.0,,,,13106041002016,,,1.4285714285714286,,,0.01
71,,,0.0,71,0.0,,,,13106041002017,,,,,,
70,,,0.028169014084507043,71,2.0,1.0,,,13106041002018,,1.408450704225352,,,0.01,
69,1.0,1.0,0.08333333333333333,72,6.0,1.0,,,13106041002019,1.3888888888888888,1.3888888888888888,1.3888888888888888,0.01,0.01,0.01
139,,1.0,0.04929577464788732,142,7.0,2.0,,,13106041002028,,1.408450704225352,0.704225352112676,,0.02,0.01
53,3.0,,0.08771929824561403,57,5.0,1.0,,,13106141001030,5.2631578947368425,1.7543859649122806,,0.03,0.01,
21,,,0.0,21,0.0,,,,13106041001043,,,,,,
74,,,0.12658227848101267,79,10.0,5.0,,,13106041002020,,6.329113924050633,,,0.05,
23,1.0,,0.25925925925925924,27,7.0,3.0,,,13106081004030,3.7037037037037037,11.11111111111111,,0.01,0.03,
130,,,0.030303030303030304,132,4.0,2.0,,,13106041002027,,1.5151515151515151,,,0.02,
129,1.0,,0.05263157894736842,133,7.0,3.0,,,13106041002024,0.7518796992481203,2.255639097744361,,0.01,0.03,
36,,,0.0,36,0.0,,,,13106041001042,,,,,,
99,1.0,,0.0297029702970297,101,3.0,1.0,,,13106041002021,0.9900990099009901,0.9900990099009901,,0.01,0.01,
116,,,0.11382113821138211,123,14.0,7.0,,,13106041002023,,5.691056910569106,,,0.07,
63,,1.0,0.046875,64,3.0,,,,13106041001041,,,1.5625,,,0.01
82,2.0,3.0,0.12643678160919541,87,11.0,,,,13106041001040,2.2988505747126435,,3.4482758620689653,0.02,,0.03
106,16.0,4.0,0.23622047244094488,127,30.0,1.0,,,13106141002003,12.598425196850394,0.7874015748031497,3.1496062992125986,0.16,0.01,0.04
48,,1.0,0.061224489795918366,49,3.0,,,,13106071002002,,,2.0408163265306123,,,0.01
61,,,0.03225806451612903,62,2.0,1.0,,,13106141001012,,1.6129032258064515,,,0.01,
81,7.0,,0.12222222222222222,90,11.0,2.0,,,13106071002005,7.777777777777778,2.2222222222222223,,0.07,0.02,
52,6.0,,0.16666666666666666,60,10.0,2.0,,,13106141001034,10.0,3.3333333333333335,,0.06,0.02,
37,,,0.0,37,0.0,,,,13106071002003,,,,,,
44,1.0,2.0,0.14893617021276595,47,7.0,,,,13106081004035,2.127659574468085,,4.25531914893617,0.01,,0.02
88,3.0,2.0,0.0967741935483871,93,9.0,,,,13106071002012,3.225806451612903,,2.150537634408602,0.03,,0.02
40,1.0,2.0,0.16279069767441862,43,7.0,,,,13106071002029,2.3255813953488373,,4.651162790697675,0.01,,0.02
127,,,0.061068702290076333,131,8.0,4.0,,,13106041002029,,3.053435114503817,,,0.04,
65,5.0,,0.1506849315068493,73,11.0,3.0,,,13106141001029,6.8493150684931505,4.109589041095891,,0.05,0.03,
31,,,0.17647058823529413,34,6.0,3.0,,,13106141001013,,8.823529411764707,,,0.03,
88,2.0,,0.08602150537634409,93,8.0,3.0,,,13106071002011,2.150537634408602,3.225806451612903,,0.02,0.03,
52,4.0,,0.07142857142857142,56,4.0,,,,13106061003019,7.142857142857143,,,0.04,,
63,2.0,,0.03076923076923077,65,2.0,,,,13106141002004,3.076923076923077,,,0.02,,
53,5.0,,0.08620689655172414,58,5.0,,,,13106061003020,8.620689655172415,,,0.05,,
76,2.0,1.0,0.0875,80,7.0,1.0,,,13106141001023,2.5,1.25,1.25,0.02,0.01,0.01
27,,,0.0,27,0.0,,,,13106081004037,,,,,,
42,,,0.0,42,0.0,,,,13106061003018,,,,,,
110,2.0,,0.06956521739130435,115,8.0,3.0,,,13106141001014,1.7391304347826086,2.608695652173913,,0.02,0.03,
71,2.0,,0.08,75,6.0,2.0,,,13106081004033,2.6666666666666665,2.6666666666666665,,0.02,0.02,
36,,,0.0,36,0.0,,,,13106061003017,,,,,,
344,5.0,1.0,0.05070422535211268,355,18.0,5.0,,,13106061003024,1.408450704225352,1.408450704225352,0.28169014084507044,0.05,0.05,0.01
110,,,0.07017543859649122,114,8.0,4.0,,,13106041002030,,3.508771929824561,,,0.04,
45,,,0.043478260869565216,46,2.0,1.0,,,13106061003021,,2.1739130434782608,,,0.01,
57,,,0.034482758620689655,58,2.0,1.0,,,13106141001028,,1.7241379310344827,,,0.01,
32,,7.0,0.5384615384615384,39,21.0,,,,13106071002028,,,17.94871794871795,,,0.07
12,1.0,,0.6842105263157895,19,13.0,6.0,,,13106071002018,5.2631578947368425,31.57894736842105,,0.01,0.06,
19,1.0,,0.30434782608695654,23,7.0,3.0,,,13106081004036,4.3478260869565215,13.043478260869565,,0.01,0.03,
52,1.0,4.0,0.288135593220339,59,17.0,2.0,,,13106081004032,1.694915254237288,3.389830508474576,6.779661016949152,0.01,0.02,0.04
22,,,0.16666666666666666,24,4.0,2.0,,,13106071002022,,8.333333333333334,,,0.02,
29,1.0,,0.03333333333333333,30,1.0,,,,13106061003022,3.3333333333333335,,,0.01,,
105,1.0,,0.028037383177570093,107,3.0,1.0,,,13106071003001,0.9345794392523364,0.9345794392523364,,0.01,0.01,
39,1.0,,0.07317073170731707,41,3.0,1.0,,,13106081004038,2.4390243902439024,2.4390243902439024,,0.01,0.01,
373,20.0,19.0,0.23820754716981132,424,101.0,12.0,,,13106021002002,4.716981132075472,2.830188679245283,4.481132075471698,0.2,0.12,0.19
54,,,0.03636363636363636,55,2.0,1.0,,,13106141001027,,1.8181818181818181,,,0.01,
50,5.0,1.0,0.20689655172413793,58,12.0,2.0,,,13106141002005,8.620689655172415,3.4482758620689653,1.7241379310344827,0.05,0.02,0.01
106,,1.0,0.028037383177570093,107,3.0,,,,13106041002031,,,0.9345794392523364,,,0.01
81,,,0.0,81,0.0,,,,13106041002039,,,,,,
161,6.0,1.0,0.1206896551724138,174,21.0,6.0,,,13106141001020,3.4482758620689653,3.4482758620689653,0.5747126436781609,0.06,0.06,0.01
89,11.0,,0.11,100,11.0,,,,13106071003006,11.0,,,0.11,,
18,,,0.0,18,0.0,,,,13106071002017,,,,,,
61,,,0.0,61,0.0,,,,13106061004002,,,,,,
39,,4.0,0.27906976744186046,43,12.0,,,,13106071002024,,,9.30232558139535,,,0.04
54,5.0,,0.0847457627118644,59,5.0,,,,13106061004003,8.474576271186441,,,0.05,,
35,,1.0,0.08333333333333333,36,3.0,,,,13106071002025,,,2.7777777777777777,,,0.01
33,,,0.21621621621621623,37,8.0,4.0,,,13106141001015,,10.81081081081081,,,0.04,
21,,1.0,0.13636363636363635,22,3.0,,,,13106071002026,,,4.545454545454546,,,0.01
89,1.0,,0.011111111111111112,90,1.0,,,,13106071003007,1.1111111111111112,,,0.01,,
55,9.0,,0.25,68,17.0,4.0,,,13106141002002,13.235294117647058,5.882352941176471,,0.09,0.04,
55,1.0,1.0,0.10344827586206896,58,6.0,1.0,,,13106141002028,1.7241379310344827,1.7241379310344827,1.7241379310344827,0.01,0.01,0.01
17,,,0.0,17,0.0,,,,13106071002016,,,,,,
107,17.0,2.0,0.18253968253968253,126,23.0,,,,13106071003012,13.492063492063492,,1.5873015873015872,0.17,,0.02
98,,1.0,0.08823529411764706,102,9.0,3.0,,,13106071003002,,2.9411764705882355,0.9803921568627451,,0.03,0.01
63,5.0,,0.10144927536231885,69,7.0,1.0,,,13106141002008,7.246376811594203,1.4492753623188406,,0.05,0.01,
40,,,0.0,40,0.0,,,,13106141002007,,,,,,
27,,,0.0,27,0.0,,,,13106071002020,,,,,,
94,,2.0,0.0625,96,6.0,,,,13106041002032,,,2.0833333333333335,,,0.02
78,1.0,,0.012658227848101266,79,1.0,,,,13106041002038,1.2658227848101267,,,0.01,,
49,1.0,1.0,0.0784313725490196,51,4.0,,,,13106141001025,1.9607843137254901,,1.9607843137254901,0.01,,0.01
26,2.0,,0.13793103448275862,29,4.0,1.0,,,13106071002021,6.896551724137931,3.4482758620689653,,0.02,0.01,
195,,,0.01020408163265306,196,2.0,1.0,,,13106061003023,,0.5102040816326531,,,0.01,
68,,,0.08450704225352113,71,6.0,3.0,,,13106031003036,,4.225352112676056,,,0.03,
54,1.0,1.0,0.07142857142857142,56,4.0,,,,13106141002027,1.7857142857142858,,1.7857142857142858,0.01,,0.01
38,,,0.0,38,0.0,,,,13106141001016,,,,,,
25,4.0,,0.13793103448275862,29,4.0,,,,13106071002015,13.793103448275861,,,0.04,,
35,,,0.0,35,0.0,,,,13106031003035,,,,,,
153,5.0,1.0,0.09815950920245399,163,16.0,4.0,,,13106141002010,3.067484662576687,2.4539877300613497,0.6134969325153374,0.05,0.04,0.01
64,1.0,2.0,0.1044776119402985,67,7.0,,,,13106141001026,1.492537313432836,,2.985074626865672,0.01,,0.02
35,,,0.0,35,0.0,,,,13106061003025,,,,,,
71,3.0,1.0,0.17721518987341772,79,14.0,4.0,,,13106071003011,3.7974683544303796,5.063291139240507,1.2658227848101267,0.03,0.04,0.01
32,,1.0,0.09090909090909091,33,3.0,,,,13106031003034,,,3.0303030303030303,,,0.01
52,1.0,,0.05555555555555555,54,3.0,1.0,,,13106041002037,1.8518518518518519,1.8518518518518519,,0.01,0.01,
59,4.0,,0.06349206349206349,63,4.0,,,,13106141001022,6.349206349206349,,,0.04,,
68,,,0.028985507246376812,69,2.0,1.0,,,13106041002033,,1.4492753623188406,,,0.01,
33,,1.0,0.08823529411764706,34,3.0,,,,13106031003032,,,2.9411764705882355,,,0.01
39,,,0.0,39,0.0,,,,13106141001017,,,,,,
56,,1.0,0.05263157894736842,57,3.0,,,,13106141002026,,,1.7543859649122806,,,0.01
86,4.0,1.0,0.13829787234042554,94,13.0,3.0,,,13106071003013,4.25531914893617,3.1914893617021276,1.0638297872340425,0.04,0.03,0.01
61,,,0.03225806451612903,62,2.0,1.0,,,13106141002029,,1.6129032258064515,,,0.01,
33,,1.0,0.08823529411764706,34,3.0,,,,13106031003031,,,2.9411764705882355,,,0.01
86,4.0,1.0,0.09782608695652174,92,9.0,1.0,,,13106071003008,4.3478260869565215,1.0869565217391304,1.0869565217391304,0.04,0.01,0.01
71,,4.0,0.16,75,12.0,,,,13106041002036,,,5.333333333333333,,,0.04
29,2.0,,0.125,32,4.0,1.0,,,13106031003028,6.25,3.125,,0.02,0.01,
77,,,0.075,80,6.0,3.0,,,13106061004006,,3.75,,,0.03,
93,1.0,1.0,0.042105263157894736,95,4.0,,,,13106061004004,1.0526315789473684,,1.0526315789473684,0.01,,0.01
230,14.0,12.0,0.20930232558139536,258,54.0,2.0,,,13106061004007,5.426356589147287,0.7751937984496124,4.651162790697675,0.14,0.02,0.12
389,142.0,35.0,0.5420098846787479,607,329.0,41.0,,,13106061004014,23.393739703459637,6.754530477759473,5.766062602965404,1.42,0.41000000000000003,0.35000000000000003
103,10.0,1.0,0.19327731092436976,119,23.0,5.0,,,13106071003016,8.403361344537815,4.201680672268908,0.8403361344537815,0.1,0.05,0.01
53,4.0,,0.19672131147540983,61,12.0,4.0,,,13106141002025,6.557377049180328,6.557377049180328,,0.04,0.04,
30,1.0,,0.15151515151515152,33,5.0,2.0,,,13106031003027,3.0303030303030303,6.0606060606060606,,0.01,0.02,
88,,,0.06593406593406594,91,6.0,3.0,,,13106031001001,,3.2967032967032965,,,0.03,
301,2.0,18.0,0.229607250755287,331,76.0,10.0,,,13106021002014,0.6042296072507553,3.0211480362537766,5.438066465256798,0.02,0.1,0.18
49,1.0,1.0,0.1509433962264151,53,8.0,2.0,,,13106141002030,1.8867924528301887,3.7735849056603774,1.8867924528301887,0.01,0.02,0.01
34,,,0.0,34,0.0,,,,13106031003023,,,,,,
40,,,0.04878048780487805,41,2.0,1.0,,,13106141001018,,2.4390243902439024,,,0.01,
95,3.0,1.0,0.08,100,8.0,1.0,,,13106071003017,3.0,1.0,1.0,0.03,0.01,0.01
97,10.0,,0.21052631578947367,114,24.0,7.0,,,13106071003014,8.771929824561404,6.140350877192983,,0.1,0.07,
95,4.0,,0.04040404040404041,99,4.0,,,,13106071003003,4.040404040404041,,,0.04,,
57,3.0,,0.08196721311475409,61,5.0,1.0,,,13106031003033,4.918032786885246,1.639344262295082,,0.03,0.01,
37,7.0,,0.2391304347826087,46,11.0,2.0,,,13106031003022,15.217391304347826,4.3478260869565215,,0.07,0.02,
91,1.0,,0.03225806451612903,93,3.0,1.0,,,13106071003009,1.075268817204301,1.075268817204301,,0.01,0.01,
89,4.0,3.0,0.24509803921568626,102,25.0,6.0,,,13106141001019,3.9215686274509802,5.882352941176471,2.9411764705882355,0.04,0.06,0.03
50,,,0.0,50,0.0,,,,13106141002024,,,,,,
29,1.0,,0.03333333333333333,30,1.0,,,,13106061004009,3.3333333333333335,,,0.01,,
32,7.0,,0.2682926829268293,41,11.0,2.0,,,13106031003005,17.073170731707318,4.878048780487805,,0.07,0.02,
78,4.0,2.0,0.26373626373626374,91,24.0,7.0,,,13106071003004,4.395604395604396,7.6923076923076925,2.197802197802198,0.04,0.07,0.02
26,2.0,,0.07142857142857142,28,2.0,,,,13106021002004,7.142857142857143,,,0.02,,
70,,,0.05555555555555555,72,4.0,2.0,,,13106041002035,,2.7777777777777777,,,0.02,
41,1.0,,0.15555555555555556,45,7.0,3.0,,,13106031003030,2.2222222222222223,6.666666666666667,,0.01,0.03,
85,1.0,,0.18085106382978725,94,17.0,8.0,,,13106061004005,1.0638297872340425,8.51063829787234,,0.01,0.08,
51,,2.0,0.11320754716981132,53,6.0,,,,13106141002031,,,3.7735849056603774,,,0.02
54,,,0.03636363636363636,55,2.0,1.0,,,13106031003029,,1.8181818181818181,,,0.01,
34,1.0,,0.02857142857142857,35,1.0,,,,13106031003004,2.857142857142857,,,0.01,,
23,,,0.08333333333333333,24,2.0,1.0,,,13106021002005,,4.166666666666667,,,0.01,
74,4.0,4.0,0.33707865168539325,89,30.0,7.0,,,13106071003010,4.49438202247191,7.865168539325842,4.49438202247191,0.04,0.07,0.04
366,23.0,4.0,0.1225,400,49.0,7.0,,,13106031002024,5.75,1.75,1.0,0.23,0.07,0.04
39,,,0.0,39,0.0,,,,13106031003026,,,,,,
49,,1.0,0.1346153846153846,52,7.0,2.0,,,13106141002023,,3.8461538461538463,1.9230769230769231,,0.02,0.01
32,,,0.0,32,0.0,,,,13106061004010,,,,,,
32,1.0,5.0,0.42105263157894735,38,16.0,,,,13106031003003,2.6315789473684212,,13.157894736842104,0.01,,0.05
69,7.0,,0.11688311688311688,77,9.0,1.0,,,13106141002035,9.090909090909092,1.2987012987012987,,0.07,0.01,
32,,,0.0,32,0.0,,,,13106021002003,,,,,,
87,,,0.022727272727272728,88,2.0,1.0,,,13106071003018,,1.1363636363636365,,,0.01,
41,,1.0,0.07142857142857142,42,3.0,,,,13106031003024,,,2.380952380952381,,,0.01
56,,2.0,0.10344827586206896,58,6.0,,,,13106141002032,,,3.4482758620689653,,,0.02
49,,,0.0,49,0.0,,,,13106061004011,,,,,,
229,15.0,4.0,0.124,250,31.0,2.0,,,13106141002038,6.0,0.8,1.6,0.15,0.02,0.04
407,1.0,4.0,0.04578313253012048,415,19.0,3.0,,,13106061004012,0.24096385542168675,0.7228915662650602,0.963855421686747,0.01,0.03,0.04
167,4.0,11.0,0.2032967032967033,182,37.0,,,,13106031003002,2.197802197802198,,6.043956043956044,0.04,,0.11
61,,1.0,0.04838709677419355,62,3.0,,,,13106031003021,,,1.6129032258064515,,,0.01
27,,,0.0,27,0.0,,,,13106041002034,,,,,,
49,,1.0,0.06,50,3.0,,,,13106141002022,,,2.0,,,0.01
32,,,0.0,32,0.0,,,,13106021002006,,,,,,
58,2.0,1.0,0.08196721311475409,61,5.0,,,,13106141002011,3.278688524590164,,1.639344262295082,0.02,,0.01
21,,,0.17391304347826086,23,4.0,2.0,,,13106021002008,,8.695652173913043,,,0.02,
56,,,0.0,56,0.0,,,,13106031001002,,,,,,
75,8.0,,0.1411764705882353,85,12.0,2.0,,,13106071003019,9.411764705882353,2.3529411764705883,,0.08,0.02,
26,,,0.14285714285714285,28,4.0,2.0,,,13106031003006,,7.142857142857143,,,0.02,
95,4.0,1.0,0.07,100,7.0,,,,13106071003031,4.0,,1.0,0.04,,0.01
22,,,0.0,22,0.0,,,,13106021002009,,,,,,
72,,,0.0273972602739726,73,2.0,1.0,,,13106071003024,,1.36986301369863,,,0.01,
18,5.0,8.0,0.9354838709677419,31,29.0,,,,13106071003023,16.129032258064516,,25.806451612903224,0.05,,0.08
52,,,0.0,52,0.0,,,,13106141002021,,,,,,
41,,,0.0,41,0.0,,,,13106031003025,,,,,,
79,7.0,,0.20652173913043478,92,19.0,6.0,,,13106071003030,7.608695652173913,6.521739130434782,,0.07,0.06,
26,,1.0,0.1111111111111111,27,3.0,,,,13106021002013,,,3.7037037037037037,,,0.01
51,,,0.0,51,0.0,,,,13106031001003,,,,,,
53,,,0.0,53,0.0,,,,13106031003020,,,,,,
86,1.0,,0.03409090909090909,88,3.0,1.0,,,13106071003020,1.1363636363636365,1.1363636363636365,,0.01,0.01,
93,1.0,1.0,0.042105263157894736,95,4.0,,,,13106071003029,1.0526315789473684,,1.0526315789473684,0.01,,0.01
48,,,0.18867924528301888,53,10.0,5.0,,,13106031003007,,9.433962264150944,,,0.05,
36,,1.0,0.08108108108108109,37,3.0,,,,13106021002012,,,2.7027027027027026,,,0.01
54,1.0,1.0,0.07142857142857142,56,4.0,,,,13106031001032,1.7857142857142858,,1.7857142857142858,0.01,,0.01
89,1.0,1.0,0.04395604395604396,91,4.0,,,,13106071003021,1.098901098901099,,1.098901098901099,0.01,,0.01
96,,,0.06060606060606061,99,6.0,3.0,,,13106071003027,,3.0303030303030303,,,0.03,
63,3.0,4.0,0.21428571428571427,70,15.0,,,,13106031003018,4.285714285714286,,5.714285714285714,0.03,,0.04
27,3.0,,0.5384615384615384,39,21.0,9.0,,,13106141002040,7.6923076923076925,23.076923076923077,,0.03,0.09,
20,,,0.0,20,0.0,,,,13106021002011,,,,,,
104,,2.0,0.07476635514018691,107,8.0,1.0,,,13106071003032,,0.9345794392523364,1.8691588785046729,,0.01,0.02
53,1.0,,0.018518518518518517,54,1.0,,,,13106061004013,1.8518518518518519,,,0.01,,
45,4.0,,0.08163265306122448,49,4.0,,,,13106141002020,8.16326530612245,,,0.04,,
52,,,0.0,52,0.0,,,,13106031001004,,,,,,
19,,4.0,0.5217391304347826,23,12.0,,,,13106021002010,,,17.391304347826086,,,0.04
58,3.0,,0.04918032786885246,61,3.0,,,,13106031003019,4.918032786885246,,,0.03,,
175,2.0,13.0,0.33004926108374383,203,67.0,13.0,,,13106031002025,0.9852216748768473,6.403940886699507,6.403940886699507,0.02,0.13,0.13
119,7.0,1.0,0.07874015748031496,127,10.0,,,,13106031001031,5.511811023622047,,0.7874015748031497,0.07,,0.01
50,,1.0,0.1320754716981132,53,7.0,2.0,,,13106071003053,,3.7735849056603774,1.8867924528301887,,0.02,0.01
52,6.0,,0.10344827586206896,58,6.0,,,,13106141002012,10.344827586206897,,,0.06,,
43,,,0.0,43,0.0,,,,13106031002022,,,,,,
45,,5.0,0.3,50,15.0,,,,13106071003052,,,10.0,,,0.05
46,3.0,,0.3898305084745763,59,23.0,10.0,,,13106031003001,5.084745762711864,16.949152542372882,,0.03,0.1,
54,,,0.0,54,0.0,,,,13106031003017,,,,,,
51,,,0.038461538461538464,52,2.0,1.0,,,13106031003008,,1.9230769230769231,,,0.01,
44,,,0.0,44,0.0,,,,13106031001005,,,,,,
49,,2.0,0.11764705882352941,51,6.0,,,,13106141002019,,,3.9215686274509802,,,0.02
38,1.0,,0.02564102564102564,39,1.0,,,,13106141002041,2.5641025641025643,,,0.01,,
47,,2.0,0.12244897959183673,49,6.0,,,,13106071003051,,,4.081632653061225,,,0.02
39,1.0,1.0,0.14285714285714285,42,6.0,1.0,,,13106071003022,2.380952380952381,2.380952380952381,2.380952380952381,0.01,0.01,0.01
92,1.0,,0.031914893617021274,94,3.0,1.0,,,13106031001030,1.0638297872340425,1.0638297872340425,,0.01,0.01,
71,2.0,,0.08,75,6.0,2.0,,,13106141002036,2.6666666666666665,2.6666666666666665,,0.02,0.02,
55,,,0.0,55,0.0,,,,13106031003016,,,,,,
24,1.0,,0.25,28,7.0,3.0,,,13106031002021,3.5714285714285716,10.714285714285714,,0.01,0.03,
50,,2.0,0.11538461538461539,52,6.0,,,,13106031003009,,,3.8461538461538463,,,0.02
49,1.0,1.0,0.0784313725490196,51,4.0,,,,13106071003049,1.9607843137254901,,1.9607843137254901,0.01,,0.01
54,,,0.0,54,0.0,,,,13106141002018,,,,,,
51,,,0.0,51,0.0,,,,13106031001006,,,,,,
48,1.0,,0.06,50,3.0,1.0,,,13106071003048,2.0,2.0,,0.01,0.01,
35,7.0,4.0,0.44680851063829785,47,21.0,1.0,,,13106031003010,14.893617021276595,2.127659574468085,8.51063829787234,0.07,0.01,0.04
43,,,0.0,43,0.0,,,,13106031002020,,,,,,
41,,,0.0,41,0.0,,,,13106141002042,,,,,,
29,,,0.0,29,0.0,,,,13106071003025,,,,,,
117,8.0,27.0,0.5947712418300654,153,91.0,1.0,,,13106031001029,5.228758169934641,0.6535947712418301,17.647058823529413,0.08,0.01,0.27
51,,,0.0,51,0.0,,,,13106071003047,,,,,,
47,,,0.1568627450980392,51,8.0,4.0,,,13106071003046,,7.8431372549019605,,,0.04,
49,,,0.0,49,0.0,,,,13106141002017,,,,,,
63,,,0.0,63,0.0,,,,13106031001007,,,,,,
8,,6.0,1.2857142857142858,14,18.0,,,,13106071003026,,,42.857142857142854,,,0.06
48,6.0,1.0,0.288135593220339,59,17.0,4.0,,,13106141002013,10.169491525423728,6.779661016949152,1.694915254237288,0.06,0.04,0.01
52,,1.0,0.05660377358490566,53,3.0,,,,13106071003045,,,1.8867924528301887,,,0.01
22,,,0.0,22,0.0,,,,13106031002018,,,,,,
55,,1.0,0.05357142857142857,56,3.0,,,,13106031003014,,,1.7857142857142858,,,0.01
40,,,0.0,40,0.0,,,,13106141002043,,,,,,
98,1.0,1.0,0.0594059405940594,101,6.0,1.0,,,13106071003033,0.9900990099009901,0.9900990099009901,0.9900990099009901,0.01,0.01,0.01
52,,,0.0,52,0.0,,,,13106071003044,,,,,,
46,,3.0,0.1836734693877551,49,9.0,,,,13106141002016,,,6.122448979591836,,,0.03
87,1.0,1.0,0.06666666666666667,90,6.0,1.0,,,13106071003037,1.1111111111111112,1.1111111111111112,1.1111111111111112,0.01,0.01,0.01
19,,,0.0,19,0.0,,,,13106031002017,,,,,,
41,,,0.0,41,0.0,,,,13106031003015,,,,,,
33,3.0,,0.275,40,11.0,4.0,,,13106031003011,7.5,10.0,,0.03,0.04,
50,,1.0,0.058823529411764705,51,3.0,,,,13106071003043,,,1.9607843137254901,,,0.01
96,3.0,2.0,0.14423076923076922,104,15.0,3.0,,,13106141002044,2.8846153846153846,2.8846153846153846,1.9230769230769231,0.03,0.03,0.02
34,,2.0,0.16666666666666666,36,6.0,,,,13106031002011,,,5.555555555555555,,,0.02
50,,,0.0,50,0.0,,,,13106071003042,,,,,,
20,,,0.0,20,0.0,,,,13106031002016,,,,,,
50,,1.0,0.058823529411764705,51,3.0,,,,13106071003041,,,1.9607843137254901,,,0.01
57,,,0.06779661016949153,59,4.0,2.0,,,13106141002015,,3.389830508474576,,,0.02,
68,1.0,3.0,0.1388888888888889,72,10.0,,,,13106031003012,1.3888888888888888,,4.166666666666667,0.01,,0.03
26,,1.0,0.1111111111111111,27,3.0,,,,13106031002012,,,3.7037037037037037,,,0.01
48,,1.0,0.061224489795918366,49,3.0,,,,13106071003040,,,2.0408163265306123,,,0.01
20,,,0.0,20,0.0,,,,13106031002015,,,,,,
37,1.0,,0.125,40,5.0,2.0,,,13106141002048,2.5,5.0,,0.01,0.02,
54,7.0,2.0,0.234375,64,15.0,1.0,,,13106141002014,10.9375,1.5625,3.125,0.07,0.01,0.02
18,,,0.0,18,0.0,,,,13106031002010,,,,,,
283,7.0,4.0,0.12211221122112212,303,37.0,9.0,,,13106141002047,2.31023102310231,2.9702970297029703,1.3201320132013201,0.07,0.09,0.04
22,3.0,,0.12,25,3.0,,,,13106031002013,12.0,,,0.03,,
46,2.0,,0.041666666666666664,48,2.0,,,,13106031001009,4.166666666666667,,,0.02,,
13,,,0.0,13,0.0,,,,13106031002009,,,,,,
28,,,0.0,28,0.0,,,,13106031002014,,,,,,
33,,,0.11428571428571428,35,4.0,2.0,,,13106031002003,,5.714285714285714,,,0.02,
47,,,0.0,47,0.0,,,,13106031001027,,,,,,
36,,,0.0,36,0.0,,,,13106031001023,,,,,,
62,,3.0,0.13846153846153847,65,9.0,,,,13106071003034,,,4.615384615384615,,,0.03
11,,,0.3076923076923077,13,4.0,2.0,,,13106031002008,,15.384615384615385,,,0.02,
45,1.0,,0.06382978723404255,47,3.0,1.0,,,13106031001010,2.127659574468085,2.127659574468085,,0.01,0.01,
45,2.0,2.0,0.2,50,10.0,1.0,,,13106031001028,4.0,2.0,4.0,0.02,0.01,0.02
71,,,0.027777777777777776,72,2.0,1.0,,,13106071003501,,1.3888888888888888,,,0.01,
37,2.0,1.0,0.3695652173913043,46,17.0,6.0,,,13106071003035,4.3478260869565215,13.043478260869565,2.1739130434782608,0.02,0.06,0.01
27,2.0,1.0,0.16666666666666666,30,5.0,,,,13106141002050,6.666666666666667,,3.3333333333333335,0.02,,0.01
27,,,0.0,27,0.0,,,,13106031002004,,,,,,
36,,,0.10526315789473684,38,4.0,2.0,,,13106141002046,,5.2631578947368425,,,0.02,
16,,,0.0,16,0.0,,,,13106031002007,,,,,,
34,3.0,,0.08108108108108109,37,3.0,,,,13106141002049,8.108108108108109,,,0.03,,
53,,,0.037037037037037035,54,2.0,1.0,,,13106031001025,,1.8518518518518519,,,0.01,
36,,,0.0,36,0.0,,,,13106031002005,,,,,,
47,,1.0,0.0625,48,3.0,,,,13106031001011,,,2.0833333333333335,,,0.01
131,11.0,3.0,0.2119205298013245,151,32.0,6.0,,,13106031002002,7.28476821192053,3.9735099337748343,1.9867549668874172,0.11,0.06,0.03
49,,,0.0784313725490196,51,4.0,2.0,,,13106031001021,,3.9215686274509802,,,0.02,
63,3.0,5.0,0.3013698630136986,73,22.0,2.0,,,13106141002051,4.109589041095891,2.73972602739726,6.8493150684931505,0.03,0.02,0.05
43,1.0,,0.022727272727272728,44,1.0,,,,13106031001026,2.272727272727273,,,0.01,,
56,,,0.0,56,0.0,,,,13106031001024,,,,,,
49,4.0,,0.07547169811320754,53,4.0,,,,13106031001020,7.547169811320755,,,0.04,,
48,,,0.0,48,0.0,,,,13106031001012,,,,,,
91,6.0,20.0,0.5641025641025641,117,66.0,,,,13106031001018,5.128205128205129,,17.094017094017094,0.06,,0.2
44,,1.0,0.14893617021276595,47,7.0,2.0,,,13106031001013,,4.25531914893617,2.127659574468085,,0.02,0.01
48,,4.0,0.2641509433962264,53,14.0,1.0,,,13106031001014,,1.8867924528301887,7.547169811320755,,0.01,0.04
40,7.0,,0.26,50,13.0,3.0,,,13106141002052,14.0,6.0,,0.07,0.03,
40,2.0,,0.047619047619047616,42,2.0,,,,13106031001019,4.761904761904762,,,0.02,,
